source_pdf,certificate_no,status,extraction_method,fields_extracted,fields_missing,confidence,error
1.pdf,1,SUCCESS,PDF_TEXT,35,3,100.0,
2.pdf,2,SUCCESS,PDF_TEXT,36,2,100.0,
3.pdf,3,SUCCESS,PDF_TEXT,36,2,100.0,
5.pdf,5,SUCCESS,PDF_TEXT,34,4,100.0,
6.pdf,6,SUCCESS,PDF_TEXT,36,2,100.0,
7.pdf,7,SUCCESS,PDF_TEXT,36,2,100.0,
8.pdf,8,SUCCESS,PDF_TEXT,36,2,100.0,
9.pdf,9,SUCCESS,PDF_TEXT,36,2,100.0,
10.pdf,10,SUCCESS,PDF_TEXT,36,2,100.0,
11.pdf,11,SUCCESS,PDF_TEXT,36,2,100.0,
12.pdf,12,SUCCESS,PDF_TEXT,36,2,100.0,
13.pdf,13,SUCCESS,PDF_TEXT,36,2,100.0,
14.pdf,14,SUCCESS,PDF_TEXT,36,2,100.0,
15.pdf,15,SUCCESS,PDF_TEXT,35,3,100.0,
16.pdf,16,SUCCESS,PDF_TEXT,36,2,100.0,
17.pdf,17,SUCCESS,PDF_TEXT,34,4,100.0,
18.pdf,18,SUCCESS,PDF_TEXT,36,2,100.0,
19.pdf,19,SUCCESS,PDF_TEXT,36,2,100.0,
20.pdf,20,SUCCESS,PDF_TEXT,36,2,100.0,
21.pdf,21,SUCCESS,PDF_TEXT,36,2,100.0,
22.pdf,22,SUCCESS,PDF_TEXT,35,3,100.0,
23.pdf,23,SUCCESS,PDF_TEXT,36,2,100.0,
24.pdf,24,SUCCESS,PDF_TEXT,36,2,100.0,
25.pdf,25,SUCCESS,PDF_TEXT,35,3,100.0,
26.pdf,26,SUCCESS,PDF_TEXT,37,1,100.0,
27.pdf,27,SUCCESS,PDF_TEXT,36,2,100.0,
28.pdf,28,SUCCESS,PDF_TEXT,36,2,100.0,
29.pdf,29,SUCCESS,PDF_TEXT,36,2,100.0,
30.pdf,30,SUCCESS,PDF_TEXT,36,2,100.0,
31.pdf,31,SUCCESS,PDF_TEXT,36,2,100.0,
32.pdf,32,SUCCESS,PDF_TEXT,36,2,100.0,
33.pdf,33,SUCCESS,PDF_TEXT,36,2,100.0,
34.pdf,34,SUCCESS,PDF_TEXT,36,2,100.0,
35.pdf,35,SUCCESS,PDF_TEXT,34,4,100.0,
37.pdf,37,SUCCESS,PDF_TEXT,36,2,100.0,
38.pdf,38,SUCCESS,PDF_TEXT,36,2,100.0,
39.pdf,39,SUCCESS,PDF_TEXT,36,2,100.0,
40.pdf,40,SUCCESS,PDF_TEXT,36,2,100.0,
42.pdf,42,SUCCESS,PDF_TEXT,36,2,100.0,
43.pdf,43,SUCCESS,PDF_TEXT,36,2,100.0,
44.pdf,44,SUCCESS,PDF_TEXT,36,2,100.0,
45.pdf,45,SUCCESS,PDF_TEXT,36,2,100.0,
46.pdf,46,SUCCESS,PDF_TEXT,36,2,100.0,
47.pdf,47,SUCCESS,PDF_TEXT,36,2,100.0,
48.pdf,48,SUCCESS,PDF_TEXT,34,4,100.0,
49.pdf,49,SUCCESS,PDF_TEXT,36,2,100.0,
50.pdf,50,SUCCESS,PDF_TEXT,36,2,100.0,
51.pdf,51,SUCCESS,PDF_TEXT,36,2,100.0,
52.pdf,52,SUCCESS,PDF_TEXT,36,2,100.0,
53.pdf,53,SUCCESS,PDF_TEXT,36,2,100.0,
54.pdf,54,SUCCESS,PDF_TEXT,36,2,100.0,
55.pdf,55,SUCCESS,PDF_TEXT,36,2,100.0,
56.pdf,56,SUCCESS,PDF_TEXT,34,4,100.0,
57.pdf,57,SUCCESS,PDF_TEXT,35,3,100.0,
58.pdf,58,SUCCESS,PDF_TEXT,36,2,100.0,
59.pdf,59,SUCCESS,PDF_TEXT,36,2,100.0,
60.pdf,60,SUCCESS,PDF_TEXT,36,2,100.0,
61.pdf,61,SUCCESS,PDF_TEXT,36,2,100.0,
62.pdf,62,SUCCESS,PDF_TEXT,36,2,100.0,
63.pdf,63,SUCCESS,PDF_TEXT,36,2,100.0,
64.pdf,64,SUCCESS,PDF_TEXT,36,2,100.0,
65.pdf,65,SUCCESS,PDF_TEXT,36,2,100.0,
66.pdf,66,SUCCESS,PDF_TEXT,36,2,100.0,
67.pdf,67,SUCCESS,PDF_TEXT,36,2,100.0,
68.pdf,68,SUCCESS,PDF_TEXT,36,2,100.0,
69.pdf,69,SUCCESS,PDF_TEXT,36,2,100.0,
70.pdf,70,SUCCESS,PDF_TEXT,35,3,100.0,
71.pdf,71,SUCCESS,PDF_TEXT,36,2,100.0,
72.pdf,72,SUCCESS,PDF_TEXT,37,1,100.0,
73.pdf,73,SUCCESS,PDF_TEXT,36,2,100.0,
74.pdf,74,SUCCESS,PDF_TEXT,36,2,100.0,
75.pdf,75,SUCCESS,PDF_TEXT,36,2,100.0,
76.pdf,76,SUCCESS,PDF_TEXT,36,2,100.0,
77.pdf,77,SUCCESS,PDF_TEXT,36,2,100.0,
78.pdf,78,SUCCESS,PDF_TEXT,35,3,100.0,
79.pdf,79,SUCCESS,PDF_TEXT,35,3,100.0,
80.pdf,80,SUCCESS,PDF_TEXT,35,3,100.0,
81.pdf,81,SUCCESS,PDF_TEXT,36,2,100.0,
82.pdf,82,SUCCESS,PDF_TEXT,36,2,100.0,
83.pdf,83,SUCCESS,PDF_TEXT,36,2,100.0,
84.pdf,84,SUCCESS,PDF_TEXT,34,4,100.0,
85.pdf,85,SUCCESS,PDF_TEXT,36,2,100.0,
86.pdf,86,SUCCESS,PDF_TEXT,36,2,100.0,
87.pdf,87,SUCCESS,PDF_TEXT,36,2,100.0,
88.pdf,88,SUCCESS,PDF_TEXT,34,4,100.0,
89.pdf,89,SUCCESS,PDF_TEXT,36,2,100.0,
90.pdf,90,SUCCESS,PDF_TEXT,36,2,100.0,
91.pdf,91,SUCCESS,PDF_TEXT,34,4,100.0,
92.pdf,92,SUCCESS,PDF_TEXT,36,2,100.0,
93.pdf,93,SUCCESS,PDF_TEXT,36,2,100.0,
94.pdf,94,SUCCESS,PDF_TEXT,36,2,100.0,
95.pdf,95,SUCCESS,PDF_TEXT,34,4,100.0,
96.pdf,96,SUCCESS,PDF_TEXT,34,4,100.0,
97.pdf,97,SUCCESS,PDF_TEXT,34,4,100.0,
98.pdf,98,SUCCESS,PDF_TEXT,35,3,100.0,
99.pdf,99,SUCCESS,PDF_TEXT,35,3,100.0,
100.pdf,100,SUCCESS,PDF_TEXT,36,2,100.0,
101.pdf,101,SUCCESS,PDF_TEXT,36,2,100.0,
102.pdf,102,SUCCESS,PDF_TEXT,36,2,100.0,
103.pdf,103,SUCCESS,PDF_TEXT,36,2,100.0,
104.pdf,104,SUCCESS,PDF_TEXT,35,3,100.0,
105.pdf,105,SUCCESS,PDF_TEXT,35,3,100.0,
106.pdf,106,SUCCESS,PDF_TEXT,37,1,100.0,
107.pdf,107,SUCCESS,PDF_TEXT,36,2,100.0,
108.pdf,108,SUCCESS,PDF_TEXT,36,2,100.0,
109.pdf,109,SUCCESS,PDF_TEXT,36,2,100.0,
110.pdf,110,SUCCESS,PDF_TEXT,36,2,100.0,
111.pdf,111,SUCCESS,PDF_TEXT,36,2,100.0,
112.pdf,112,SUCCESS,PDF_TEXT,36,2,100.0,
113.pdf,113,SUCCESS,PDF_TEXT,36,2,100.0,
114.pdf,114,SUCCESS,PDF_TEXT,36,2,100.0,
115.pdf,115,SUCCESS,PDF_TEXT,34,4,100.0,
116.pdf,116,SUCCESS,PDF_TEXT,36,2,100.0,
117.pdf,117,SUCCESS,PDF_TEXT,36,2,100.0,
118.pdf,118,SUCCESS,PDF_TEXT,36,2,100.0,
119.pdf,119,SUCCESS,PDF_TEXT,36,2,100.0,
120.pdf,120,SUCCESS,PDF_TEXT,36,2,100.0,
121.pdf,121,SUCCESS,PDF_TEXT,36,2,100.0,
122.pdf,122,SUCCESS,PDF_TEXT,36,2,100.0,
123.pdf,123,SUCCESS,PDF_TEXT,35,3,100.0,
124.pdf,124,SUCCESS,PDF_TEXT,34,4,100.0,
125.pdf,125,SUCCESS,PDF_TEXT,34,4,100.0,
126.pdf,126,SUCCESS,PDF_TEXT,34,4,100.0,
127.pdf,127,SUCCESS,PDF_TEXT,36,2,100.0,
128.pdf,128,SUCCESS,PDF_TEXT,36,2,100.0,
129.pdf,129,SUCCESS,PDF_TEXT,36,2,100.0,
130.pdf,130,SUCCESS,PDF_TEXT,36,2,100.0,
131.pdf,131,SUCCESS,PDF_TEXT,36,2,100.0,
132.pdf,132,SUCCESS,PDF_TEXT,35,3,100.0,
133.pdf,133,SUCCESS,PDF_TEXT,35,3,100.0,
134.pdf,134,SUCCESS,PDF_TEXT,36,2,100.0,
135.pdf,135,SUCCESS,PDF_TEXT,36,2,100.0,
136.pdf,136,SUCCESS,PDF_TEXT,36,2,100.0,
137.pdf,137,SUCCESS,PDF_TEXT,34,4,100.0,
138.pdf,138,SUCCESS,PDF_TEXT,34,4,100.0,
139.pdf,139,SUCCESS,PDF_TEXT,34,4,100.0,
140.pdf,140,SUCCESS,PDF_TEXT,34,4,100.0,
141.pdf,141,SUCCESS,PDF_TEXT,34,4,100.0,
142.pdf,142,SUCCESS,PDF_TEXT,36,2,100.0,
143.pdf,143,SUCCESS,PDF_TEXT,34,4,100.0,
144.pdf,144,SUCCESS,PDF_TEXT,36,2,100.0,
145.pdf,145,SUCCESS,PDF_TEXT,36,2,100.0,
146.pdf,146,SUCCESS,PDF_TEXT,36,2,100.0,
147.pdf,147,SUCCESS,PDF_TEXT,34,4,100.0,
148.pdf,148,SUCCESS,PDF_TEXT,34,4,100.0,
149.pdf,149,SUCCESS,PDF_TEXT,34,4,100.0,
150.pdf,150,SUCCESS,PDF_TEXT,34,4,100.0,
151.pdf,151,SUCCESS,PDF_TEXT,35,3,100.0,
152.pdf,152,SUCCESS,PDF_TEXT,36,2,100.0,
153.pdf,153,SUCCESS,PDF_TEXT,35,3,100.0,
154.pdf,154,SUCCESS,PDF_TEXT,36,2,100.0,
155.pdf,155,SUCCESS,PDF_TEXT,36,2,100.0,
156.pdf,156,SUCCESS,PDF_TEXT,36,2,100.0,
157.pdf,157,SUCCESS,PDF_TEXT,36,2,100.0,
158.pdf,158,SUCCESS,PDF_TEXT,36,2,100.0,
159.pdf,159,SUCCESS,PDF_TEXT,36,2,100.0,
160.pdf,160,SUCCESS,PDF_TEXT,36,2,100.0,
161.pdf,161,SUCCESS,PDF_TEXT,36,2,100.0,
162.pdf,162,SUCCESS,PDF_TEXT,37,1,100.0,
163.pdf,163,SUCCESS,PDF_TEXT,35,3,100.0,
164.pdf,164,SUCCESS,PDF_TEXT,36,2,100.0,
165.pdf,165,SUCCESS,PDF_TEXT,36,2,100.0,
166.pdf,166,SUCCESS,PDF_TEXT,36,2,100.0,
167.pdf,167,SUCCESS,PDF_TEXT,36,2,100.0,
168.pdf,168,SUCCESS,PDF_TEXT,36,2,100.0,
169.pdf,169,SUCCESS,PDF_TEXT,36,2,100.0,
170.pdf,170,SUCCESS,PDF_TEXT,36,2,100.0,
171.pdf,171,SUCCESS,PDF_TEXT,35,3,100.0,
172.pdf,172,SUCCESS,PDF_TEXT,36,2,100.0,
173.pdf,173,SUCCESS,PDF_TEXT,36,2,100.0,
174.pdf,174,SUCCESS,PDF_TEXT,36,2,100.0,
175.pdf,175,SUCCESS,PDF_TEXT,36,2,100.0,
176.pdf,176,SUCCESS,PDF_TEXT,36,2,100.0,
177.pdf,177,SUCCESS,PDF_TEXT,36,2,100.0,
178.pdf,178,SUCCESS,PDF_TEXT,36,2,100.0,
179.pdf,179,SUCCESS,PDF_TEXT,36,2,100.0,
180.pdf,180,SUCCESS,PDF_TEXT,36,2,100.0,
181.pdf,181,SUCCESS,PDF_TEXT,36,2,100.0,
182.pdf,182,SUCCESS,PDF_TEXT,35,3,100.0,
183.pdf,183,SUCCESS,PDF_TEXT,36,2,100.0,
184.pdf,184,SUCCESS,PDF_TEXT,36,2,100.0,
185.pdf,185,SUCCESS,PDF_TEXT,36,2,100.0,
186.pdf,186,SUCCESS,PDF_TEXT,36,2,100.0,
187.pdf,187,SUCCESS,PDF_TEXT,36,2,100.0,
188.pdf,188,SUCCESS,PDF_TEXT,36,2,100.0,
189.pdf,189,SUCCESS,PDF_TEXT,36,2,100.0,
190.pdf,190,SUCCESS,PDF_TEXT,37,1,100.0,
191.pdf,191,SUCCESS,PDF_TEXT,36,2,100.0,
192.pdf,192,SUCCESS,PDF_TEXT,36,2,100.0,
193.pdf,193,SUCCESS,PDF_TEXT,36,2,100.0,
194.pdf,194,SUCCESS,PDF_TEXT,36,2,100.0,
195.pdf,195,SUCCESS,PDF_TEXT,36,2,100.0,
196.pdf,196,SUCCESS,PDF_TEXT,36,2,100.0,
197.pdf,197,SUCCESS,PDF_TEXT,34,4,100.0,
198.pdf,198,SUCCESS,PDF_TEXT,37,1,100.0,
199.pdf,199,SUCCESS,PDF_TEXT,36,2,100.0,
200.pdf,200,SUCCESS,PDF_TEXT,36,2,100.0,
201.pdf,201,SUCCESS,PDF_TEXT,36,2,100.0,
202.pdf,202,SUCCESS,PDF_TEXT,36,2,100.0,
203.pdf,203,SUCCESS,PDF_TEXT,36,2,100.0,
204.pdf,204,SUCCESS,PDF_TEXT,36,2,100.0,
205.pdf,205,SUCCESS,PDF_TEXT,34,4,100.0,
206.pdf,206,SUCCESS,PDF_TEXT,36,2,100.0,
207.pdf,207,SUCCESS,PDF_TEXT,36,2,100.0,
208.pdf,208,SUCCESS,PDF_TEXT,35,3,100.0,
209.pdf,209,SUCCESS,PDF_TEXT,35,3,100.0,
210.pdf,210,SUCCESS,PDF_TEXT,35,3,100.0,
211.pdf,211,SUCCESS,PDF_TEXT,36,2,100.0,
212.pdf,212,SUCCESS,PDF_TEXT,36,2,100.0,
213.pdf,213,SUCCESS,PDF_TEXT,36,2,100.0,
214.pdf,214,SUCCESS,PDF_TEXT,36,2,100.0,
215.pdf,215,SUCCESS,PDF_TEXT,34,4,100.0,
216.pdf,216,SUCCESS,PDF_TEXT,34,4,100.0,
217.pdf,217,SUCCESS,PDF_TEXT,36,2,100.0,
218.pdf,218,SUCCESS,PDF_TEXT,36,2,100.0,
219.pdf,219,SUCCESS,PDF_TEXT,35,3,100.0,
220.pdf,220,SUCCESS,PDF_TEXT,37,1,100.0,
221.pdf,221,SUCCESS,PDF_TEXT,37,1,100.0,
222.pdf,222,SUCCESS,PDF_TEXT,35,3,100.0,
223.pdf,223,SUCCESS,PDF_TEXT,36,2,100.0,
224.pdf,224,SUCCESS,PDF_TEXT,36,2,100.0,
225.pdf,225,SUCCESS,PDF_TEXT,36,2,100.0,
226.pdf,226,SUCCESS,PDF_TEXT,36,2,100.0,
227.pdf,227,SUCCESS,PDF_TEXT,36,2,100.0,
228.pdf,228,SUCCESS,PDF_TEXT,36,2,100.0,
229.pdf,229,SUCCESS,PDF_TEXT,36,2,100.0,
230.pdf,230,SUCCESS,PDF_TEXT,36,2,100.0,
231.pdf,231,SUCCESS,PDF_TEXT,35,3,100.0,
232.pdf,232,SUCCESS,PDF_TEXT,36,2,100.0,
233.pdf,233,SUCCESS,PDF_TEXT,38,0,100.0,
234.pdf,234,SUCCESS,PDF_TEXT,36,2,100.0,
235.pdf,235,SUCCESS,PDF_TEXT,37,1,100.0,
236.pdf,236,SUCCESS,PDF_TEXT,36,2,100.0,
237.pdf,237,SUCCESS,PDF_TEXT,36,2,100.0,
238.pdf,238,SUCCESS,PDF_TEXT,36,2,100.0,
239.pdf,239,SUCCESS,PDF_TEXT,36,2,100.0,
240.pdf,240,SUCCESS,PDF_TEXT,36,2,100.0,
241.pdf,241,SUCCESS,PDF_TEXT,36,2,100.0,
242.pdf,242,SUCCESS,PDF_TEXT,34,4,100.0,
243.pdf,243,SUCCESS,PDF_TEXT,36,2,100.0,
244.pdf,244,SUCCESS,PDF_TEXT,36,2,100.0,
245.pdf,245,SUCCESS,PDF_TEXT,36,2,100.0,
246.pdf,246,SUCCESS,PDF_TEXT,36,2,100.0,
247.pdf,247,SUCCESS,PDF_TEXT,38,0,100.0,
248.pdf,248,SUCCESS,PDF_TEXT,36,2,100.0,
249.pdf,249,SUCCESS,PDF_TEXT,36,2,100.0,
250.pdf,250,SUCCESS,PDF_TEXT,36,2,100.0,
251.pdf,251,SUCCESS,PDF_TEXT,36,2,100.0,
252.pdf,252,SUCCESS,PDF_TEXT,36,2,100.0,
253.pdf,253,SUCCESS,PDF_TEXT,35,3,100.0,
254.pdf,254,SUCCESS,PDF_TEXT,36,2,100.0,
255.pdf,255,SUCCESS,PDF_TEXT,36,2,100.0,
256.pdf,256,SUCCESS,PDF_TEXT,36,2,100.0,
257.pdf,257,SUCCESS,PDF_TEXT,36,2,100.0,
258.pdf,258,SUCCESS,PDF_TEXT,36,2,100.0,
259.pdf,259,SUCCESS,PDF_TEXT,36,2,100.0,
260.pdf,260,SUCCESS,PDF_TEXT,36,2,100.0,
261.pdf,261,SUCCESS,PDF_TEXT,34,4,100.0,
262.pdf,262,SUCCESS,PDF_TEXT,34,4,100.0,
263.pdf,263,SUCCESS,PDF_TEXT,36,2,100.0,
264.pdf,264,SUCCESS,PDF_TEXT,35,3,100.0,
265.pdf,265,SUCCESS,PDF_TEXT,36,2,100.0,
266.pdf,266,SUCCESS,PDF_TEXT,36,2,100.0,
267.pdf,267,SUCCESS,PDF_TEXT,36,2,100.0,
268.pdf,268,SUCCESS,PDF_TEXT,36,2,100.0,
269.pdf,269,SUCCESS,PDF_TEXT,36,2,100.0,
270.pdf,270,SUCCESS,PDF_TEXT,36,2,100.0,
271.pdf,271,SUCCESS,PDF_TEXT,36,2,100.0,
272.pdf,272,SUCCESS,PDF_TEXT,36,2,100.0,
273.pdf,273,SUCCESS,PDF_TEXT,36,2,100.0,
274.pdf,274,SUCCESS,PDF_TEXT,36,2,100.0,
275.pdf,275,SUCCESS,PDF_TEXT,36,2,100.0,
276.pdf,276,SUCCESS,PDF_TEXT,34,4,100.0,
277.pdf,277,SUCCESS,PDF_TEXT,36,2,100.0,
278.pdf,278,SUCCESS,PDF_TEXT,36,2,100.0,
279.pdf,279,SUCCESS,PDF_TEXT,37,1,100.0,
280.pdf,280,SUCCESS,PDF_TEXT,36,2,100.0,
281.pdf,281,SUCCESS,PDF_TEXT,36,2,100.0,
282.pdf,282,SUCCESS,PDF_TEXT,35,3,100.0,
283.pdf,283,SUCCESS,PDF_TEXT,36,2,100.0,
284.pdf,284,SUCCESS,PDF_TEXT,36,2,100.0,
285.pdf,285,SUCCESS,PDF_TEXT,36,2,100.0,
286.pdf,286,SUCCESS,PDF_TEXT,36,2,100.0,
287.pdf,287,SUCCESS,PDF_TEXT,36,2,100.0,
288.pdf,288,SUCCESS,PDF_TEXT,36,2,100.0,
289.pdf,289,SUCCESS,PDF_TEXT,36,2,100.0,
290.pdf,290,SUCCESS,PDF_TEXT,36,2,100.0,
291.pdf,291,SUCCESS,PDF_TEXT,34,4,100.0,
292.pdf,292,SUCCESS,PDF_TEXT,34,4,100.0,
293.pdf,293,SUCCESS,PDF_TEXT,37,1,100.0,
294.pdf,294,SUCCESS,PDF_TEXT,35,3,100.0,
295.pdf,295,SUCCESS,PDF_TEXT,36,2,100.0,
296.pdf,296,SUCCESS,PDF_TEXT,36,2,100.0,
297.pdf,297,SUCCESS,PDF_TEXT,36,2,100.0,
298.pdf,298,SUCCESS,PDF_TEXT,36,2,100.0,
299.pdf,299,SUCCESS,PDF_TEXT,37,1,100.0,
300.pdf,300,SUCCESS,PDF_TEXT,37,1,100.0,
301.pdf,301,SUCCESS,PDF_TEXT,35,3,100.0,
302.pdf,302,SUCCESS,PDF_TEXT,36,2,100.0,
303.pdf,303,SUCCESS,PDF_TEXT,38,0,100.0,
304.pdf,304,SUCCESS,PDF_TEXT,34,4,100.0,
305.pdf,305,SUCCESS,PDF_TEXT,36,2,100.0,
306.pdf,306,SUCCESS,PDF_TEXT,36,2,100.0,
307.pdf,307,SUCCESS,PDF_TEXT,36,2,100.0,
308.pdf,308,SUCCESS,PDF_TEXT,36,2,100.0,
309.pdf,309,SUCCESS,PDF_TEXT,35,3,100.0,
310.pdf,310,SUCCESS,PDF_TEXT,35,3,100.0,
311.pdf,311,SUCCESS,PDF_TEXT,35,3,100.0,
312.pdf,312,SUCCESS,PDF_TEXT,35,3,100.0,
313.pdf,313,SUCCESS,PDF_TEXT,35,3,100.0,
314.pdf,314,SUCCESS,PDF_TEXT,35,3,100.0,
315.pdf,315,SUCCESS,PDF_TEXT,36,2,100.0,
316.pdf,316,SUCCESS,PDF_TEXT,36,2,100.0,
317.pdf,317,SUCCESS,PDF_TEXT,36,2,100.0,
318.pdf,318,SUCCESS,PDF_TEXT,36,2,100.0,
319.pdf,319,SUCCESS,PDF_TEXT,34,4,100.0,
320.pdf,320,SUCCESS,PDF_TEXT,35,3,100.0,
321.pdf,321,SUCCESS,PDF_TEXT,35,3,100.0,
322.pdf,322,SUCCESS,PDF_TEXT,36,2,100.0,
323.pdf,323,SUCCESS,PDF_TEXT,36,2,100.0,
324.pdf,324,SUCCESS,PDF_TEXT,36,2,100.0,
325.pdf,325,SUCCESS,PDF_TEXT,36,2,100.0,
326.pdf,326,SUCCESS,PDF_TEXT,36,2,100.0,
327.pdf,327,SUCCESS,PDF_TEXT,35,3,100.0,
328.pdf,328,SUCCESS,PDF_TEXT,36,2,100.0,
329.pdf,329,SUCCESS,PDF_TEXT,36,2,100.0,
330.pdf,330,SUCCESS,PDF_TEXT,36,2,100.0,
331.pdf,331,SUCCESS,PDF_TEXT,35,3,100.0,
332.pdf,332,SUCCESS,PDF_TEXT,35,3,100.0,
333.pdf,333,SUCCESS,PDF_TEXT,36,2,100.0,
334.pdf,334,SUCCESS,PDF_TEXT,36,2,100.0,
335.pdf,335,SUCCESS,PDF_TEXT,36,2,100.0,
336.pdf,336,SUCCESS,PDF_TEXT,36,2,100.0,
337.pdf,337,SUCCESS,PDF_TEXT,36,2,100.0,
338.pdf,338,SUCCESS,PDF_TEXT,36,2,100.0,
339.pdf,339,SUCCESS,PDF_TEXT,36,2,100.0,
340.pdf,340,SUCCESS,PDF_TEXT,36,2,100.0,
341.pdf,341,SUCCESS,PDF_TEXT,35,3,100.0,
342.pdf,342,SUCCESS,PDF_TEXT,35,3,100.0,
343.pdf,343,SUCCESS,PDF_TEXT,36,2,100.0,
344.pdf,344,SUCCESS,PDF_TEXT,36,2,100.0,
345.pdf,345,SUCCESS,PDF_TEXT,36,2,100.0,
346.pdf,346,SUCCESS,PDF_TEXT,36,2,100.0,
347.pdf,347,SUCCESS,PDF_TEXT,36,2,100.0,
348.pdf,348,SUCCESS,PDF_TEXT,38,0,100.0,
349.pdf,349,SUCCESS,PDF_TEXT,35,3,100.0,
350.pdf,350,SUCCESS,PDF_TEXT,34,4,100.0,
351.pdf,351,SUCCESS,PDF_TEXT,38,0,100.0,
352.pdf,352,SUCCESS,PDF_TEXT,34,4,100.0,
353.pdf,353,SUCCESS,PDF_TEXT,34,4,100.0,
354.pdf,354,SUCCESS,PDF_TEXT,36,2,100.0,
355.pdf,355,SUCCESS,PDF_TEXT,36,2,100.0,
356.pdf,356,SUCCESS,PDF_TEXT,35,3,100.0,
357.pdf,357,SUCCESS,PDF_TEXT,36,2,100.0,
358.pdf,358,SUCCESS,PDF_TEXT,36,2,100.0,
359.pdf,359,SUCCESS,PDF_TEXT,36,2,100.0,
360.pdf,360,SUCCESS,PDF_TEXT,35,3,100.0,
361.pdf,361,SUCCESS,PDF_TEXT,36,2,100.0,
362.pdf,362,SUCCESS,PDF_TEXT,36,2,100.0,
363.pdf,363,SUCCESS,PDF_TEXT,36,2,100.0,
364.pdf,364,SUCCESS,PDF_TEXT,36,2,100.0,
365.pdf,365,SUCCESS,PDF_TEXT,37,1,100.0,
366.pdf,366,SUCCESS,PDF_TEXT,37,1,100.0,
367.pdf,367,SUCCESS,PDF_TEXT,36,2,100.0,
368.pdf,368,SUCCESS,PDF_TEXT,36,2,100.0,
369.pdf,369,SUCCESS,PDF_TEXT,34,4,100.0,
370.pdf,370,SUCCESS,PDF_TEXT,34,4,100.0,
371.pdf,371,SUCCESS,PDF_TEXT,35,3,100.0,
372.pdf,372,SUCCESS,PDF_TEXT,36,2,100.0,
373.pdf,373,SUCCESS,PDF_TEXT,36,2,100.0,
374.pdf,374,SUCCESS,PDF_TEXT,37,1,100.0,
375.pdf,375,SUCCESS,PDF_TEXT,34,4,100.0,
376.pdf,376,SUCCESS,PDF_TEXT,34,4,100.0,
377.pdf,377,SUCCESS,PDF_TEXT,34,4,100.0,
378.pdf,378,SUCCESS,PDF_TEXT,34,4,100.0,
379.pdf,379,SUCCESS,PDF_TEXT,34,4,100.0,
380.pdf,380,SUCCESS,PDF_TEXT,34,4,100.0,
381.pdf,381,SUCCESS,PDF_TEXT,34,4,100.0,
382.pdf,382,SUCCESS,PDF_TEXT,34,4,100.0,
383.pdf,383,SUCCESS,PDF_TEXT,34,4,100.0,
384.pdf,384,SUCCESS,PDF_TEXT,34,4,100.0,
385.pdf,385,SUCCESS,PDF_TEXT,34,4,100.0,
386.pdf,386,SUCCESS,PDF_TEXT,34,4,100.0,
387.pdf,387,SUCCESS,PDF_TEXT,34,4,100.0,
388.pdf,388,SUCCESS,PDF_TEXT,34,4,100.0,
389.pdf,389,SUCCESS,PDF_TEXT,34,4,100.0,
390.pdf,390,SUCCESS,PDF_TEXT,36,2,100.0,
391.pdf,391,SUCCESS,PDF_TEXT,36,2,100.0,
392.pdf,392,SUCCESS,PDF_TEXT,36,2,100.0,
393.pdf,393,SUCCESS,PDF_TEXT,36,2,100.0,
394.pdf,394,SUCCESS,PDF_TEXT,37,1,100.0,
395.pdf,395,SUCCESS,PDF_TEXT,37,1,100.0,
396.pdf,396,SUCCESS,PDF_TEXT,38,0,100.0,
397.pdf,397,SUCCESS,PDF_TEXT,36,2,100.0,
398.pdf,398,SUCCESS,PDF_TEXT,36,2,100.0,
399.pdf,399,SUCCESS,PDF_TEXT,36,2,100.0,
400.pdf,400,SUCCESS,PDF_TEXT,36,2,100.0,
401.pdf,401,SUCCESS,PDF_TEXT,36,2,100.0,
402.pdf,402,SUCCESS,PDF_TEXT,35,3,100.0,
403.pdf,403,SUCCESS,PDF_TEXT,35,3,100.0,
404.pdf,404,SUCCESS,PDF_TEXT,35,3,100.0,
405.pdf,405,SUCCESS,PDF_TEXT,35,3,100.0,
406.pdf,406,SUCCESS,PDF_TEXT,34,4,100.0,
407.pdf,407,SUCCESS,PDF_TEXT,36,2,100.0,
408.pdf,408,SUCCESS,PDF_TEXT,37,1,100.0,
409.pdf,409,SUCCESS,PDF_TEXT,34,4,100.0,
410.pdf,410,SUCCESS,PDF_TEXT,34,4,100.0,
411.pdf,411,SUCCESS,PDF_TEXT,34,4,100.0,
412.pdf,412,SUCCESS,PDF_TEXT,35,3,100.0,
413.pdf,413,SUCCESS,PDF_TEXT,35,3,100.0,
414.pdf,414,SUCCESS,PDF_TEXT,34,4,100.0,
415.pdf,415,SUCCESS,PDF_TEXT,35,3,100.0,
416.pdf,416,SUCCESS,PDF_TEXT,35,3,100.0,
417.pdf,417,SUCCESS,PDF_TEXT,36,2,100.0,
418.pdf,418,SUCCESS,PDF_TEXT,36,2,100.0,
419.pdf,419,SUCCESS,PDF_TEXT,38,0,100.0,
420.pdf,420,SUCCESS,PDF_TEXT,37,1,100.0,
421.pdf,421,SUCCESS,PDF_TEXT,36,2,100.0,
422.pdf,422,SUCCESS,PDF_TEXT,36,2,100.0,
423.pdf,423,SUCCESS,PDF_TEXT,36,2,100.0,
424.pdf,424,SUCCESS,PDF_TEXT,37,1,100.0,
425.pdf,425,SUCCESS,PDF_TEXT,36,2,100.0,
426.pdf,426,SUCCESS,PDF_TEXT,36,2,100.0,
427.pdf,427,SUCCESS,PDF_TEXT,35,3,100.0,
428.pdf,428,SUCCESS,PDF_TEXT,34,4,100.0,
429.pdf,429,SUCCESS,PDF_TEXT,34,4,100.0,
430.pdf,430,SUCCESS,PDF_TEXT,36,2,100.0,
431.pdf,431,SUCCESS,PDF_TEXT,36,2,100.0,
432.pdf,432,SUCCESS,PDF_TEXT,36,2,100.0,
433.pdf,433,SUCCESS,PDF_TEXT,36,2,100.0,
434.pdf,434,SUCCESS,PDF_TEXT,36,2,100.0,
435.pdf,435,SUCCESS,PDF_TEXT,36,2,100.0,
436.pdf,436,SUCCESS,PDF_TEXT,36,2,100.0,
437.pdf,437,SUCCESS,PDF_TEXT,38,0,100.0,
438.pdf,438,SUCCESS,PDF_TEXT,35,3,100.0,
439.pdf,439,SUCCESS,PDF_TEXT,35,3,100.0,
440.pdf,440,SUCCESS,PDF_TEXT,35,3,100.0,
441.pdf,441,SUCCESS,PDF_TEXT,34,4,100.0,
442.pdf,442,SUCCESS,PDF_TEXT,38,0,100.0,
443.pdf,443,SUCCESS,PDF_TEXT,36,2,100.0,
444.pdf,444,SUCCESS,PDF_TEXT,36,2,100.0,
445.pdf,445,SUCCESS,PDF_TEXT,36,2,100.0,
446.pdf,446,SUCCESS,PDF_TEXT,35,3,100.0,
447.pdf,447,SUCCESS,PDF_TEXT,36,2,100.0,
448.pdf,448,SUCCESS,PDF_TEXT,36,2,100.0,
449.pdf,449,SUCCESS,PDF_TEXT,35,3,100.0,
450.pdf,450,SUCCESS,PDF_TEXT,37,1,100.0,
451.pdf,451,SUCCESS,PDF_TEXT,36,2,100.0,
23614.pdf,23614,SUCCESS,PDF_TEXT,36,2,100.0,
23621.pdf,23621,SUCCESS,PDF_TEXT,36,2,100.0,
23678.pdf,23678,SUCCESS,PDF_TEXT,36,2,100.0,
