serial_no,issue_date,file_number,company_name,equipment,certificate_no,online_application_no,pdf_url,source
1,2026-01-01,I-21/371/2025-W&M Section,GOONJ COMMUNICATION & ELECTRONIC SCALE CO.,Any other Weight or Measure,1,23611,https://lm.doca.gov.in/ModelApproval/Certificates/2026/1.pdf,DOCA_MODEL_APPROVAL
2,2026-01-01,I-21/1/2026-W&M,NILKANTH DIGITAL SCALE CO.,Non-automatic weighing instrument,2,23672,https://lm.doca.gov.in/ModelApproval/Certificates/2026/2.pdf,DOCA_MODEL_APPROVAL
3,2026-01-01,I-21/1/2026-W&M,NILKANTH DIGITAL SCALE CO.,Non-automatic weighing instrument,3,23676,https://lm.doca.gov.in/ModelApproval/Certificates/2026/3.pdf,DOCA_MODEL_APPROVAL
4,2026-01-07,I-21/2/2026-W&M Section,QUANTICA ENGINEERING WORKS PRIVATE LIMITED,Non-automatic weighing instrument,23621,23621,https://lm.doca.gov.in/ModelApproval/Certificates/2026/23621.pdf,DOCA_MODEL_APPROVAL
5,2026-01-07,I-21/5/2026-W&M Section,MAKITA POWER TOOLS INDIA PRIVATE LIMITED,Measuring tape,5,23585,https://lm.doca.gov.in/ModelApproval/Certificates/2026/5.pdf,DOCA_MODEL_APPROVAL
6,2026-01-07,I-21/380/2025-W&M Section,Minebea Intec India Private Limited.,Any other Weight or Measure,6,15364,https://lm.doca.gov.in/ModelApproval/Certificates/2026/6.pdf,DOCA_MODEL_APPROVAL
7,2026-01-07,I-21/346/2025-W&M Section,MADURAI METRIC WORKS,Non-automatic weighing instrument,7,23486,https://lm.doca.gov.in/ModelApproval/Certificates/2026/7.pdf,DOCA_MODEL_APPROVAL
8,2026-01-07,I-21/346/2025-W&M Section,MADURAI METRIC WORKS,Non-automatic weighing instrument,8,23487,https://lm.doca.gov.in/ModelApproval/Certificates/2026/8.pdf,DOCA_MODEL_APPROVAL
9,2026-01-07,I-21/372/2025-W&M Section,AXPERT ENTERPRISE,Non-automatic weighing instrument,9,23511,https://lm.doca.gov.in/ModelApproval/Certificates/2026/9.pdf,DOCA_MODEL_APPROVAL
10,2026-01-07,I-21/372/2025-W&M Section,AXPERT ENTERPRISE,Non-automatic weighing instrument,10,23512,https://lm.doca.gov.in/ModelApproval/Certificates/2026/10.pdf,DOCA_MODEL_APPROVAL
11,2026-01-07,I-21/372/2025-W&M Section,AXPERT ENTERPRISE,Non-automatic weighing instrument,11,23523,https://lm.doca.gov.in/ModelApproval/Certificates/2026/11.pdf,DOCA_MODEL_APPROVAL
12,2026-01-07,I-21/372/2025-W&M Section,AXPERT ENTERPRISE,Non-automatic weighing instrument,12,23524,https://lm.doca.gov.in/ModelApproval/Certificates/2026/12.pdf,DOCA_MODEL_APPROVAL
13,2026-01-07,I-21/352/2025-W&M Section,VAIGAI ELECTRONICS,Non-automatic weighing instrument,13,23488,https://lm.doca.gov.in/ModelApproval/Certificates/2026/13.pdf,DOCA_MODEL_APPROVAL
14,2026-01-07,I-21/361/2025-W&M Section,PESER AUTOMATION AND DIGITAL SYSTEMS (OPC) PRIVATE LIMITED,Any other Weight or Measure,14,22078,https://lm.doca.gov.in/ModelApproval/Certificates/2026/14.pdf,DOCA_MODEL_APPROVAL
15,2026-01-07,I-21/381/2025-W&M Section,ESSAE DIGITRONICS PRIVATE LIMITED,Automatic Gravimetric Filling Instrument,15,17297,https://lm.doca.gov.in/ModelApproval/Certificates/2026/15.pdf,DOCA_MODEL_APPROVAL
16,2026-01-08,I-21/313/2025-W&M Section,PRAYAS ENGINEERING LIMITED,Any other Weight or Measure,16,22131,https://lm.doca.gov.in/ModelApproval/Certificates/2026/16.pdf,DOCA_MODEL_APPROVAL
17,2026-01-08,I-21/6/2026-W&M Section,GIYANA INDUSTRIES PRIVATE LIMITED,Measuring tape,17,23494,https://lm.doca.gov.in/ModelApproval/Certificates/2026/17.pdf,DOCA_MODEL_APPROVAL
18,2026-01-08,I-21/3/2026-W&M Section,NIVI TECHNOLOGIES,Non-automatic weighing instrument,18,23653,https://lm.doca.gov.in/ModelApproval/Certificates/2026/18.pdf,DOCA_MODEL_APPROVAL
19,2026-01-08,I-21/3/2026-W&M Section,NIVI TECHNOLOGIES,Non-automatic weighing instrument,19,23652,https://lm.doca.gov.in/ModelApproval/Certificates/2026/19.pdf,DOCA_MODEL_APPROVAL
20,2026-01-08,I-21/3/2026-W&M Section,NIVI TECHNOLOGIES,Non-automatic weighing instrument,20,23654,https://lm.doca.gov.in/ModelApproval/Certificates/2026/20.pdf,DOCA_MODEL_APPROVAL
21,2026-01-08,I-21/370/2025-W&M Section,SHREE BALAJI ELECTRONIC,Non-automatic weighing instrument,21,22075,https://lm.doca.gov.in/ModelApproval/Certificates/2026/21.pdf,DOCA_MODEL_APPROVAL
22,2026-01-08,I-21/8/2026-W&M Section,GILBARCO VEEDER ROOT INDIA PRIVATE LIMITED,Measuring Systems for Liquids Other than Water,22,23810,https://lm.doca.gov.in/ModelApproval/Certificates/2026/22.pdf,DOCA_MODEL_APPROVAL
23,2026-01-09,I-21/4/2026-W&M Section,MANGAL MURTI WEIGHING SOLUTIONS,Non-automatic weighing instrument,23,23662,https://lm.doca.gov.in/ModelApproval/Certificates/2026/23.pdf,DOCA_MODEL_APPROVAL
24,2026-01-09,I-21/4/2026-W&M Section,MANGAL MURTI WEIGHING SOLUTIONS,Non-automatic weighing instrument,24,23663,https://lm.doca.gov.in/ModelApproval/Certificates/2026/24.pdf,DOCA_MODEL_APPROVAL
25,2026-01-09,I-21/7/2026-W&M Section,RHINO SERVICES PRIVATE LIMITED,CNG Dispenser,25,23464,https://lm.doca.gov.in/ModelApproval/Certificates/2026/25.pdf,DOCA_MODEL_APPROVAL
26,2026-01-09,I-21/377/2025-W&M Section,CONCRAFT TECHNOLOGIES PRIVATE LIMITED,Discontinuous Totalizing Automatic Weighing Instrument (Hopper weigher),26,23468,https://lm.doca.gov.in/ModelApproval/Certificates/2026/26.pdf,DOCA_MODEL_APPROVAL
27,2026-01-14,I-21/9/2026-W&M Section,ESSAE -TERAOKA PRIVATE LIMITED,Non-automatic weighing instrument,27,23457,https://lm.doca.gov.in/ModelApproval/Certificates/2026/27.pdf,DOCA_MODEL_APPROVAL
28,2026-01-15,I-21/10/2026-W&M Section,EVERYMANS INSTRUMENTS CO,Non-automatic weighing instrument,28,23615,https://lm.doca.gov.in/ModelApproval/Certificates/2026/28.pdf,DOCA_MODEL_APPROVAL
29,2026-01-15,I-21/10/2026-W&M Section,EVERYMANS INSTRUMENTS CO,Non-automatic weighing instrument,29,23616,https://lm.doca.gov.in/ModelApproval/Certificates/2026/29.pdf,DOCA_MODEL_APPROVAL
30,2026-01-15,I-21/372/2025-W&M Section,AXPERT ENTERPRISE,Non-automatic weighing instrument,30,23510,https://lm.doca.gov.in/ModelApproval/Certificates/2026/30.pdf,DOCA_MODEL_APPROVAL
31,2026-01-16,I-21/14/2026-W&M Section,ORBIT WEIGHING SYSTEM,Non-automatic weighing instrument,31,23787,https://lm.doca.gov.in/ModelApproval/Certificates/2026/31.pdf,DOCA_MODEL_APPROVAL
32,2026-01-16,I-21/13/2026-W&M Section,M*TECH INSTRUMENTS,Non-automatic weighing instrument,32,23789,https://lm.doca.gov.in/ModelApproval/Certificates/2026/32.pdf,DOCA_MODEL_APPROVAL
33,2026-01-16,I-21/13/2026-W&M Section,M*TECH INSTRUMENTS,Non-automatic weighing instrument,33,23790,https://lm.doca.gov.in/ModelApproval/Certificates/2026/33.pdf,DOCA_MODEL_APPROVAL
34,2026-01-16,I-21/13/2026-W&M Section,M*TECH INSTRUMENTS,Non-automatic weighing instrument,34,23791,https://lm.doca.gov.in/ModelApproval/Certificates/2026/34.pdf,DOCA_MODEL_APPROVAL
35,2026-01-23,I-21/16/2026-W&M Section,GIYANA INDUSTRIES PRIVATE LIMITED,Measuring tape,35,23805,https://lm.doca.gov.in/ModelApproval/Certificates/2026/35.pdf,DOCA_MODEL_APPROVAL
36,2026-01-27,I-21/15/2026-W&M Section,SINGHA SCALES,Non-automatic weighing instrument,23678,23678,https://lm.doca.gov.in/ModelApproval/Certificates/2026/23678.pdf,DOCA_MODEL_APPROVAL
37,2026-01-27,I-21/15/2026-W&M Section,SINGHA SCALES,Non-automatic weighing instrument,37,23673,https://lm.doca.gov.in/ModelApproval/Certificates/2026/37.pdf,DOCA_MODEL_APPROVAL
38,2026-01-27,I-21/18/2026-W&M Section,KALLAPPA PIRGONDA KOLI,Non-automatic weighing instrument,38,23548,https://lm.doca.gov.in/ModelApproval/Certificates/2026/38.pdf,DOCA_MODEL_APPROVAL
39,2026-01-27,I-21/330/2025-W&M Section,ENDEAVOUR INSTRUMENT PRIVATE LIMITED,Catch Weighing Instrument (Check Weigher),39,23327,https://lm.doca.gov.in/ModelApproval/Certificates/2026/39.pdf,DOCA_MODEL_APPROVAL
40,2026-01-28,I-21/12/2026-W&M Section,ABINASH DIGITAL SCALES,Non-automatic weighing instrument,40,23613,https://lm.doca.gov.in/ModelApproval/Certificates/2026/40.pdf,DOCA_MODEL_APPROVAL
41,2026-01-28,I-21/12/2026-W&M Section,ABINASH DIGITAL SCALES,Non-automatic weighing instrument,23614,23614,https://lm.doca.gov.in/ModelApproval/Certificates/2026/23614.pdf,DOCA_MODEL_APPROVAL
42,2026-01-28,I-21/20/2026-W&M Section,VIGNESH ENGINEERING SYSTEMS,Non-automatic weighing instrument,42,23674,https://lm.doca.gov.in/ModelApproval/Certificates/2026/42.pdf,DOCA_MODEL_APPROVAL
43,2026-01-29,I-21/24/2026-W&M Section,CELTRONIC AUTOMATION PRIVATE LIMITED,Non-automatic weighing instrument,43,23493,https://lm.doca.gov.in/ModelApproval/Certificates/2026/43.pdf,DOCA_MODEL_APPROVAL
44,2026-01-29,I-21/25/2026-W&M Section,MAHADEV ENGINEERING WORKS SALES AND SERVICE,Non-automatic weighing instrument,44,23813,https://lm.doca.gov.in/ModelApproval/Certificates/2026/44.pdf,DOCA_MODEL_APPROVAL
45,2026-01-29,I-21/25/2026-W&M Section,MAHADEV ENGINEERING WORKS SALES AND SERVICE,Non-automatic weighing instrument,45,23814,https://lm.doca.gov.in/ModelApproval/Certificates/2026/45.pdf,DOCA_MODEL_APPROVAL
46,2026-01-29,I-21/26/2026-W&M Section,TRU-BALANCE INDUSTRY,Non-automatic weighing instrument,46,23823,https://lm.doca.gov.in/ModelApproval/Certificates/2026/46.pdf,DOCA_MODEL_APPROVAL
47,2026-01-29,I-21/26/2026-W&M Section,TRU-BALANCE INDUSTRY,Non-automatic weighing instrument,47,23824,https://lm.doca.gov.in/ModelApproval/Certificates/2026/47.pdf,DOCA_MODEL_APPROVAL
48,2026-01-30,[I-21/29/2026-W&M Section],FLSMIDTH CEMENT INDIA LLP,Automatic Gravimetric Filling Instrument,48,23832,https://lm.doca.gov.in/ModelApproval/Certificates/2026/48.pdf,DOCA_MODEL_APPROVAL
49,2026-01-30,[I-21/28/2026-W&M Section],GEN X INTERNATIONAL,Non-automatic weighing instrument,49,23774,https://lm.doca.gov.in/ModelApproval/Certificates/2026/49.pdf,DOCA_MODEL_APPROVAL
50,2026-01-30,[I-21/21/2026-W&M Section],CHUGH SCALES PRIVATE LIMITED,Non-automatic weighing instrument,50,23641,https://lm.doca.gov.in/ModelApproval/Certificates/2026/50.pdf,DOCA_MODEL_APPROVAL
51,2026-02-03,I-21/30/2026-W&M Section,ACCURATE ELECTRONICS,Non-automatic weighing instrument,51,23815,https://lm.doca.gov.in/ModelApproval/Certificates/2026/51.pdf,DOCA_MODEL_APPROVAL
52,2026-02-03,I-21/30/2026-W&M Section,ACCURATE ELECTRONICS,Non-automatic weighing instrument,52,23816,https://lm.doca.gov.in/ModelApproval/Certificates/2026/52.pdf,DOCA_MODEL_APPROVAL
53,2026-02-03,I-21/356/2025-W&M Section,METTLER-TOLEDO INDIA PRIVATE LIMITED,Non-automatic weighing instrument,53,23462,https://lm.doca.gov.in/ModelApproval/Certificates/2026/53.pdf,DOCA_MODEL_APPROVAL
54,2026-02-03,I-21/31/2026-W&M Section,RADIANT ELECTRONICS,Non-automatic weighing instrument,54,23453,https://lm.doca.gov.in/ModelApproval/Certificates/2026/54.pdf,DOCA_MODEL_APPROVAL
55,2026-02-03,I-21/31/2026-W&M Section,RADIANT ELECTRONICS,Non-automatic weighing instrument,55,23625,https://lm.doca.gov.in/ModelApproval/Certificates/2026/55.pdf,DOCA_MODEL_APPROVAL
56,2026-02-06,I-21/33/2026-W&M Section,THAMES SIDE SENSORS INDIA PRIVATE LIMITED,Non-automatic weighing instrument,56,23838,https://lm.doca.gov.in/ModelApproval/Certificates/2026/56.pdf,DOCA_MODEL_APPROVAL
57,2026-02-09,I-21/34/2026-W&M Section,OMRON HEALTHCARE INDIA PRIVATE LIMITED,Sphygmomanometer (Blood Pressure Meter),57,23664,https://lm.doca.gov.in/ModelApproval/Certificates/2026/57.pdf,DOCA_MODEL_APPROVAL
58,2026-02-09,I-21/368/2025-W&M Section,INTERVET INDIA PRIVATE LIMITED,Non-automatic weighing instrument,58,23547,https://lm.doca.gov.in/ModelApproval/Certificates/2026/58.pdf,DOCA_MODEL_APPROVAL
59,2026-02-10,I-21/35/2026-W&M Section,H.P.S INDUSTRIES,Non-automatic weighing instrument,59,23782,https://lm.doca.gov.in/ModelApproval/Certificates/2026/59.pdf,DOCA_MODEL_APPROVAL
60,2026-02-10,I-21/35/2026-W&M Section,H.P.S INDUSTRIES,Non-automatic weighing instrument,60,23783,https://lm.doca.gov.in/ModelApproval/Certificates/2026/60.pdf,DOCA_MODEL_APPROVAL
61,2026-02-11,I-21/37/2026-W&M Section,INDUS WEIGHING SYSTEMS PRIVATE LIMITED,Non-automatic weighing instrument,61,23812,https://lm.doca.gov.in/ModelApproval/Certificates/2026/61.pdf,DOCA_MODEL_APPROVAL
62,2026-02-12,I-21/11/2026-W&M Section,VISHWAKARMA SERVICES,Non-automatic weighing instrument,62,23799,https://lm.doca.gov.in/ModelApproval/Certificates/2026/62.pdf,DOCA_MODEL_APPROVAL
63,2026-02-12,I-21/11/2026-W&M Section,VISHWAKARMA SERVICES,Non-automatic weighing instrument,63,23800,https://lm.doca.gov.in/ModelApproval/Certificates/2026/63.pdf,DOCA_MODEL_APPROVAL
64,2026-02-17,I-21/40/2026-W&M Section,"M/S,HILAL SCALE COMPANY",Non-automatic weighing instrument,64,23779,https://lm.doca.gov.in/ModelApproval/Certificates/2026/64.pdf,DOCA_MODEL_APPROVAL
65,2026-02-17,I-21/40/2026-W&M Section,"M/S,HILAL SCALE COMPANY",Non-automatic weighing instrument,65,23780,https://lm.doca.gov.in/ModelApproval/Certificates/2026/65.pdf,DOCA_MODEL_APPROVAL
66,2026-02-19,I-21/44/2026-W&M Section,AKAR CONTROLS,Non-automatic weighing instrument,66,23683,https://lm.doca.gov.in/ModelApproval/Certificates/2026/66.pdf,DOCA_MODEL_APPROVAL
67,2026-02-19,I-21/44/2026-W&M Section,AKAR CONTROLS,Non-automatic weighing instrument,67,23690,https://lm.doca.gov.in/ModelApproval/Certificates/2026/67.pdf,DOCA_MODEL_APPROVAL
68,2026-02-19,I-21/44/2026-W&M Section,AKAR CONTROLS,Non-automatic weighing instrument,68,23696,https://lm.doca.gov.in/ModelApproval/Certificates/2026/68.pdf,DOCA_MODEL_APPROVAL
69,2026-02-20,I-21/41/2026-W&M Section,E.G Kantawalla Pvt Ltd,Non-automatic weighing instrument,69,23361,https://lm.doca.gov.in/ModelApproval/Certificates/2026/69.pdf,DOCA_MODEL_APPROVAL
70,2026-02-20,I-21/46/2025-W&M Section,DIAMOND SALES,Non-automatic weighing instrument,70,23904,https://lm.doca.gov.in/ModelApproval/Certificates/2026/70.pdf,DOCA_MODEL_APPROVAL
71,2026-02-20,I-21/43/2026-W&M Section,Lars Marketing,Table top Type,71,23802,https://lm.doca.gov.in/ModelApproval/Certificates/2026/71.pdf,DOCA_MODEL_APPROVAL
72,2026-02-24,21/317/2025,APPLE WEIGHINFRA LIMITED,Non-automatic weighing instrument,72,23391,https://lm.doca.gov.in/ModelApproval/Certificates/2026/72.pdf,DOCA_MODEL_APPROVAL
73,2026-02-24,21/22/2026,KANIMOZHI WEIGHING INDUSTRIES,Non-automatic weighing instrument,73,23645,https://lm.doca.gov.in/ModelApproval/Certificates/2026/73.pdf,DOCA_MODEL_APPROVAL
74,2026-02-24,21/22/2026,KANIMOZHI WEIGHING INDUSTRIES,Non-automatic weighing instrument,74,23646,https://lm.doca.gov.in/ModelApproval/Certificates/2026/74.pdf,DOCA_MODEL_APPROVAL
75,2026-02-24,21/22/2026,KANIMOZHI WEIGHING INDUSTRIES,Non-automatic weighing instrument,75,23647,https://lm.doca.gov.in/ModelApproval/Certificates/2026/75.pdf,DOCA_MODEL_APPROVAL
76,2026-02-24,21/22/2026,KANIMOZHI WEIGHING INDUSTRIES,Non-automatic weighing instrument,76,23648,https://lm.doca.gov.in/ModelApproval/Certificates/2026/76.pdf,DOCA_MODEL_APPROVAL
77,2026-02-24,21/47/2026,TRC POWER TECH,Non-automatic weighing instrument,77,23818,https://lm.doca.gov.in/ModelApproval/Certificates/2026/77.pdf,DOCA_MODEL_APPROVAL
78,2026-02-24,21/19/2026,ACCUMET SOLUTIONS,Water Meter,78,23636,https://lm.doca.gov.in/ModelApproval/Certificates/2026/78.pdf,DOCA_MODEL_APPROVAL
79,2026-02-24,21/19/2026,ACCUMET SOLUTIONS,Water Meter,79,23635,https://lm.doca.gov.in/ModelApproval/Certificates/2026/79.pdf,DOCA_MODEL_APPROVAL
80,2026-02-24,21/32/2026,GROZ ENGINEERING TOOLS PRIVATE LIMITED,Measuring Systems for Liquids Other than Water,80,23796,https://lm.doca.gov.in/ModelApproval/Certificates/2026/80.pdf,DOCA_MODEL_APPROVAL
81,2026-02-27,I-21/17/2026-W&M Section,LUCKEY ELECTRONIC WEIGHING SCALE,Non-automatic weighing instrument,81,23455,https://lm.doca.gov.in/ModelApproval/Certificates/2026/81.pdf,DOCA_MODEL_APPROVAL
82,2026-03-02,I-21/54/2026-W&M Section,TEDAE INDUSTRIES,Non-automatic weighing instrument,82,23851,https://lm.doca.gov.in/ModelApproval/Certificates/2026/82.pdf,DOCA_MODEL_APPROVAL
83,2026-03-02,I-21/54/2026-W&M Section,TEDAE INDUSTRIES,Non-automatic weighing instrument,83,23852,https://lm.doca.gov.in/ModelApproval/Certificates/2026/83.pdf,DOCA_MODEL_APPROVAL
84,2026-03-02,I-21/53/2026-W&M Section,DIAMOND SALES,Non-automatic weighing instrument,84,23905,https://lm.doca.gov.in/ModelApproval/Certificates/2026/84.pdf,DOCA_MODEL_APPROVAL
85,2026-03-03,I-21/51/2026-W&M Section,"M/S, WEIGHT PRO INSTRUMENT",Non-automatic weighing instrument,85,23884,https://lm.doca.gov.in/ModelApproval/Certificates/2026/85.pdf,DOCA_MODEL_APPROVAL
86,2026-03-03,I-21/51/2026-W&M Section,"M/S, WEIGHT PRO INSTRUMENT",Non-automatic weighing instrument,86,23883,https://lm.doca.gov.in/ModelApproval/Certificates/2026/86.pdf,DOCA_MODEL_APPROVAL
87,2026-03-03,I-21/56/2026-W&M Section,E.G Kantawalla Pvt Ltd,Non-automatic weighing instrument,87,23352,https://lm.doca.gov.in/ModelApproval/Certificates/2026/87.pdf,DOCA_MODEL_APPROVAL
88,2026-03-03,I-21/36/2026-W&M Section,METTLER-TOLEDO INDIA PRIVATE LIMITED,Non-automatic weighing instrument,88,23580,https://lm.doca.gov.in/ModelApproval/Certificates/2026/88.pdf,DOCA_MODEL_APPROVAL
89,2026-03-03,I-21/60/2026-W&M Section,MEHTA ENTERPRISES,Non-automatic weighing instrument,89,23837,https://lm.doca.gov.in/ModelApproval/Certificates/2026/89.pdf,DOCA_MODEL_APPROVAL
90,2026-03-03,I-21/61/2026-W&M Section,KWALITY WEIGH (INDIA),Non-automatic weighing instrument,90,23864,https://lm.doca.gov.in/ModelApproval/Certificates/2026/90.pdf,DOCA_MODEL_APPROVAL
91,2026-03-05,I-21/27/2026-W&M Section,HINDALCO INDUSTRIES LIMITED,Automatic Gravimetric Filling Instrument,91,23831,https://lm.doca.gov.in/ModelApproval/Certificates/2026/91.pdf,DOCA_MODEL_APPROVAL
92,2026-03-05,I-21/39/2026-W&M Section,M/s. Jay Instruments And Systems Private Limited,Electronic Tank Weighing type,92,18727,https://lm.doca.gov.in/ModelApproval/Certificates/2026/92.pdf,DOCA_MODEL_APPROVAL
93,2026-03-05,I-21/39/2026-W&M Section,M/s. Jay Instruments And Systems Private Limited,Electronic Tank Weighing type,93,18728,https://lm.doca.gov.in/ModelApproval/Certificates/2026/93.pdf,DOCA_MODEL_APPROVAL
94,2026-03-05,I-21/21/2026-W&M Section,CHUGH SCALES PRIVATE LIMITED,Non-automatic weighing instrument,94,23640,https://lm.doca.gov.in/ModelApproval/Certificates/2026/94.pdf,DOCA_MODEL_APPROVAL
95,2026-03-06,I-21/50/2026-W&M Section,H. ENTERPRISES,Any other Weight or Measure,95,23855,https://lm.doca.gov.in/ModelApproval/Certificates/2026/95.pdf,DOCA_MODEL_APPROVAL
96,2026-03-06,I-21/50/2026-W&M Section,H. ENTERPRISES,Any other Weight or Measure,96,23856,https://lm.doca.gov.in/ModelApproval/Certificates/2026/96.pdf,DOCA_MODEL_APPROVAL
97,2026-03-06,I-21/64/2026-W&M Section,DIAMOND SALES,Non-automatic weighing instrument,97,23979,https://lm.doca.gov.in/ModelApproval/Certificates/2026/97.pdf,DOCA_MODEL_APPROVAL
98,2026-03-09,I-21/55/2026-W&M Section,ELSTER-INSTROMET INDIA PRIVATE LIMITED,Gas Meters,98,23881,https://lm.doca.gov.in/ModelApproval/Certificates/2026/98.pdf,DOCA_MODEL_APPROVAL
99,2026-03-09,I-21/57/2026-W&M Section,HONEYWELL AUTOMATION INDIA LIMITED,Gas Meters,99,23880,https://lm.doca.gov.in/ModelApproval/Certificates/2026/99.pdf,DOCA_MODEL_APPROVAL
100,2026-03-10,I-21/42/2026-W&M Section,M/S KUMAR SYSTEM,Automatic Instruments for weighing road vehicles in-motion and measuring axle loads,100,23411,https://lm.doca.gov.in/ModelApproval/Certificates/2026/100.pdf,DOCA_MODEL_APPROVAL
101,2026-03-10,I-21/62/2026-W&M Section,VIGNESH ENGINEERING SYSTEMS,Non-automatic weighing instrument,101,23680,https://lm.doca.gov.in/ModelApproval/Certificates/2026/101.pdf,DOCA_MODEL_APPROVAL
102,2026-03-10,I-21/62/2026-W&M Section,VIGNESH ENGINEERING SYSTEMS,Non-automatic weighing instrument,102,23682,https://lm.doca.gov.in/ModelApproval/Certificates/2026/102.pdf,DOCA_MODEL_APPROVAL
103,2026-03-10,I-21/62/2026-W&M Section,VIGNESH ENGINEERING SYSTEMS,Non-automatic weighing instrument,103,23686,https://lm.doca.gov.in/ModelApproval/Certificates/2026/103.pdf,DOCA_MODEL_APPROVAL
104,2026-03-10,I-21/58/2026-W&M Section,PEPSICO INDIA HOLDINGS PRIVATE LIMITED,Catch Weighing Instrument (Check Weigher),104,23833,https://lm.doca.gov.in/ModelApproval/Certificates/2026/104.pdf,DOCA_MODEL_APPROVAL
105,2026-03-12,I-21/63/2026-W&M Section,DIAMOND SALES,Non-automatic weighing instrument,105,23656,https://lm.doca.gov.in/ModelApproval/Certificates/2026/105.pdf,DOCA_MODEL_APPROVAL
106,2026-03-12,I-21/67/2026-W&M Section,ESKAY WEIGHING SYSTEMS LLP,Non-automatic weighing instrument,106,23685,https://lm.doca.gov.in/ModelApproval/Certificates/2026/106.pdf,DOCA_MODEL_APPROVAL
107,2026-03-13,I-21/72/2026-W&M Section,OHAUS WEIGHING INDIA PRIVATE LIMITED,Non-automatic weighing instrument,107,23857,https://lm.doca.gov.in/ModelApproval/Certificates/2026/107.pdf,DOCA_MODEL_APPROVAL
108,2026-03-13,I-21/72/2026-W&M Section,OHAUS WEIGHING INDIA PRIVATE LIMITED,Non-automatic weighing instrument,108,23858,https://lm.doca.gov.in/ModelApproval/Certificates/2026/108.pdf,DOCA_MODEL_APPROVAL
109,2026-03-13,I-21/52/2026-W&M Section,SHRIYAN INNOVATIVE,Non-automatic weighing instrument,109,23871,https://lm.doca.gov.in/ModelApproval/Certificates/2026/109.pdf,DOCA_MODEL_APPROVAL
110,2026-03-13,I-21/52/2026-W&M Section,SHRIYAN INNOVATIVE,Non-automatic weighing instrument,110,23872,https://lm.doca.gov.in/ModelApproval/Certificates/2026/110.pdf,DOCA_MODEL_APPROVAL
111,2026-03-13,I-21/66/2026-W&M Section,SANSUI ELECTRONICS,Non-automatic weighing instrument,111,23878,https://lm.doca.gov.in/ModelApproval/Certificates/2026/111.pdf,DOCA_MODEL_APPROVAL
112,2026-03-13,I-21/66/2026-W&M Section,SANSUI ELECTRONICS,Non-automatic weighing instrument,112,23879,https://lm.doca.gov.in/ModelApproval/Certificates/2026/112.pdf,DOCA_MODEL_APPROVAL
113,2026-03-13,I-21/73/2026-W&M Section,METTLER-TOLEDO INDIA PRIVATE LIMITED,Non-automatic weighing instrument,113,23459,https://lm.doca.gov.in/ModelApproval/Certificates/2026/113.pdf,DOCA_MODEL_APPROVAL
114,2026-03-13,I-21/74/2026-W&M Section,ABINASH DIGITAL SCALES,Non-automatic weighing instrument,114,23612,https://lm.doca.gov.in/ModelApproval/Certificates/2026/114.pdf,DOCA_MODEL_APPROVAL
115,2026-03-13,I-21/75/2026-W&M Section,GIRISH CHANDRA GHOSH & G.G.S.,Liquor measures,115,23414,https://lm.doca.gov.in/ModelApproval/Certificates/2026/115.pdf,DOCA_MODEL_APPROVAL
116,2026-03-13,I-21/59/2026-W&M Section,A&D INSTRUMENTS INDIA PRIVATE LIMITED,Non-automatic weighing instrument,116,23658,https://lm.doca.gov.in/ModelApproval/Certificates/2026/116.pdf,DOCA_MODEL_APPROVAL
117,2026-03-13,I-21/59/2026-W&M Section,A&D INSTRUMENTS INDIA PRIVATE LIMITED,Non-automatic weighing instrument,117,23659,https://lm.doca.gov.in/ModelApproval/Certificates/2026/117.pdf,DOCA_MODEL_APPROVAL
118,2026-03-13,I-21/77/2026-W&M Section,APPLE WEIGHINFRA LIMITED,Non-automatic weighing instrument,118,23393,https://lm.doca.gov.in/ModelApproval/Certificates/2026/118.pdf,DOCA_MODEL_APPROVAL
119,2026-03-18,I-21/79/2026-W&M Section,JOY BABA LOKENATH TRADING,Non-automatic weighing instrument,119,23901,https://lm.doca.gov.in/ModelApproval/Certificates/2026/119.pdf,DOCA_MODEL_APPROVAL
120,2026-03-18,I-21/79/2026-W&M Section,JOY BABA LOKENATH TRADING,Non-automatic weighing instrument,120,23902,https://lm.doca.gov.in/ModelApproval/Certificates/2026/120.pdf,DOCA_MODEL_APPROVAL
121,2026-03-18,I-21/79/2026-W&M Section,JOY BABA LOKENATH TRADING,Non-automatic weighing instrument,121,23903,https://lm.doca.gov.in/ModelApproval/Certificates/2026/121.pdf,DOCA_MODEL_APPROVAL
122,2026-03-18,I-21/79/2026-W&M Section,JOY BABA LOKENATH TRADING,Non-automatic weighing instrument,122,23984,https://lm.doca.gov.in/ModelApproval/Certificates/2026/122.pdf,DOCA_MODEL_APPROVAL
123,2026-03-20,I-21/70/2026-W&M Section,VISION WORLDTECH PRIVATE LIMITED,Flow Meters,123,23551,https://lm.doca.gov.in/ModelApproval/Certificates/2026/123.pdf,DOCA_MODEL_APPROVAL
124,2026-03-20,I-21/80/2026-W&M Section,YORKER ENGINEERING PRIVATE LIMITED,Measuring tape,124,23893,https://lm.doca.gov.in/ModelApproval/Certificates/2026/124.pdf,DOCA_MODEL_APPROVAL
125,2026-03-20,I-21/80/2026-W&M Section,YORKER ENGINEERING PRIVATE LIMITED,Measuring tape,125,23894,https://lm.doca.gov.in/ModelApproval/Certificates/2026/125.pdf,DOCA_MODEL_APPROVAL
126,2026-03-20,I-21/80/2026-W&M Section,YORKER ENGINEERING PRIVATE LIMITED,Measuring tape,126,23895,https://lm.doca.gov.in/ModelApproval/Certificates/2026/126.pdf,DOCA_MODEL_APPROVAL
127,2026-03-24,I-21/45/2026-W&M Section,KRISHNA ENTERPRISES,Non-automatic weighing instrument,127,18497,https://lm.doca.gov.in/ModelApproval/Certificates/2026/127.pdf,DOCA_MODEL_APPROVAL
128,2026-03-24,I-21/78/2026-W&M Section,SPAN TECHNOLOGIES,Non-automatic weighing instrument,128,23887,https://lm.doca.gov.in/ModelApproval/Certificates/2026/128.pdf,DOCA_MODEL_APPROVAL
129,2026-03-24,I-21/78/2026-W&M Section,SPAN TECHNOLOGIES,Any other Weight or Measure,129,23889,https://lm.doca.gov.in/ModelApproval/Certificates/2026/129.pdf,DOCA_MODEL_APPROVAL
130,2026-03-24,I-21/78/2026-W&M Section,SPAN TECHNOLOGIES,Any other Weight or Measure,130,23890,https://lm.doca.gov.in/ModelApproval/Certificates/2026/130.pdf,DOCA_MODEL_APPROVAL
131,2026-03-24,I-21/83/2026-W&M Section,OCEAN KING INTERNATIONAL,Non-automatic weighing instrument,131,23899,https://lm.doca.gov.in/ModelApproval/Certificates/2026/131.pdf,DOCA_MODEL_APPROVAL
132,2026-03-25,I-21/65/2026-W&M Section,APPLE METER MANUFACTURING COMPANY,Auto Rickshaw and Taxi Meter,132,23623,https://lm.doca.gov.in/ModelApproval/Certificates/2026/132.pdf,DOCA_MODEL_APPROVAL
133,2026-03-25,I-21/65/2026-W&M Section,APPLE METER MANUFACTURING COMPANY,Auto Rickshaw and Taxi Meter,133,23624,https://lm.doca.gov.in/ModelApproval/Certificates/2026/133.pdf,DOCA_MODEL_APPROVAL
134,2026-03-27,I-21/88/2026-W&M Section,A&D INSTRUMENTS INDIA PRIVATE LIMITED,Non-automatic weighing instrument,134,23797,https://lm.doca.gov.in/ModelApproval/Certificates/2026/134.pdf,DOCA_MODEL_APPROVAL
135,2026-03-27,I-21/84/2026-W&M Section,J.M.KATAWALA,Non-automatic weighing instrument,135,23834,https://lm.doca.gov.in/ModelApproval/Certificates/2026/135.pdf,DOCA_MODEL_APPROVAL
136,2026-03-27,I-21/84/2026-W&M Section,J.M.KATAWALA,Non-automatic weighing instrument,136,23841,https://lm.doca.gov.in/ModelApproval/Certificates/2026/136.pdf,DOCA_MODEL_APPROVAL
137,2026-03-27,I-21/76/2026-W&M Section,FLEXO PACK MACHINES PRIVATE LIMITED,Any other Weight or Measure,137,22111,https://lm.doca.gov.in/ModelApproval/Certificates/2026/137.pdf,DOCA_MODEL_APPROVAL
137,2026-03-27,I-21/76/2026-W&M Section,FLEXO PACK MACHINES PRIVATE LIMITED,Any other Weight or Measure,137,22111,https://lm.doca.gov.in/ModelApproval/Certificates/2026/137.pdf,DOCA_MODEL_APPROVAL
138,2026-03-27,I-21/48/2026-W&M Section,FLOW METERING TECHNOLOGY PRIVATE LIMITED,Gas Meters,138,23331,https://lm.doca.gov.in/ModelApproval/Certificates/2026/138.pdf,DOCA_MODEL_APPROVAL
139,2026-03-30,I-21/85/2026,KRAB INTERNATIONAL,Non-automatic weighing instrument,139,23974,https://lm.doca.gov.in/ModelApproval/Certificates/2026/139.pdf,DOCA_MODEL_APPROVAL
140,2026-03-30,I-21/85/2026,KRAB INTERNATIONAL,Non-automatic weighing instrument,140,23973,https://lm.doca.gov.in/ModelApproval/Certificates/2026/140.pdf,DOCA_MODEL_APPROVAL
141,2026-03-30,I-21/85/2026,KRAB INTERNATIONAL,Non-automatic weighing instrument,141,23972,https://lm.doca.gov.in/ModelApproval/Certificates/2026/141.pdf,DOCA_MODEL_APPROVAL
142,2026-03-30,I-21/89/2026,ARCHERCHEM INSTRUMENTS,Non-automatic weighing instrument,142,23675,https://lm.doca.gov.in/ModelApproval/Certificates/2026/142.pdf,DOCA_MODEL_APPROVAL
143,2026-03-30,I-21/85/2026,KRAB INTERNATIONAL,Non-automatic weighing instrument,143,24010,https://lm.doca.gov.in/ModelApproval/Certificates/2026/143.pdf,DOCA_MODEL_APPROVAL
144,2026-04-02,I-21/90/2026-W&M Section,DIGITA COMPUTE SERVICE,Non-automatic weighing instrument,144,14041,https://lm.doca.gov.in/ModelApproval/Certificates/2026/144.pdf,DOCA_MODEL_APPROVAL
145,2026-04-02,I-21/90/2026-W&M Section,Digita Compute Servce,Non-automatic weighing instrument,145,14008,https://lm.doca.gov.in/ModelApproval/Certificates/2026/145.pdf,DOCA_MODEL_APPROVAL
146,2026-04-01,I-21/93/2026-W&M Section,BHAVANI SCALES,Non-automatic weighing instrument,146,23962,https://lm.doca.gov.in/ModelApproval/Certificates/2026/146.pdf,DOCA_MODEL_APPROVAL
147,2026-04-02,I-21/94/2026-W&M Section,GIYANA INDUSTRIES PRIVATE LIMITED,Measuring tape,147,23999,https://lm.doca.gov.in/ModelApproval/Certificates/2026/147.pdf,DOCA_MODEL_APPROVAL
148,2026-04-02,I-21/94/2026-W&M Section,GIYANA INDUSTRIES PRIVATE LIMITED,Any other Weight or Measure,148,24032,https://lm.doca.gov.in/ModelApproval/Certificates/2026/148.pdf,DOCA_MODEL_APPROVAL
149,2026-04-06,I-21/81/2026-W&M Section,EMMPPE ASSOCIATES,Automatic Gravimetric Filling Instrument,149,23829,https://lm.doca.gov.in/ModelApproval/Certificates/2026/149.pdf,DOCA_MODEL_APPROVAL
150,2026-04-06,I-21/81/2026-W&M Section,EMMPPE ASSOCIATES,Automatic Gravimetric Filling Instrument,150,23828,https://lm.doca.gov.in/ModelApproval/Certificates/2026/150.pdf,DOCA_MODEL_APPROVAL
151,2026-04-06,I-21/98/2026-W&M Section,MEDI FLEX OMNI PRIVATE LIMITED,Sphygmomanometer (Blood Pressure Meter),151,22048,https://lm.doca.gov.in/ModelApproval/Certificates/2026/151.pdf,DOCA_MODEL_APPROVAL
152,2026-04-07,I-21/71/2026-W&M Section,TRC POWER TECH,Non-automatic weighing instrument,152,23819,https://lm.doca.gov.in/ModelApproval/Certificates/2026/152.pdf,DOCA_MODEL_APPROVAL
153,2026-04-07,I-21/99/2026-W&M Section,RAJ ENGG INDUSTRIES,Non-automatic weighing instrument,153,24016,https://lm.doca.gov.in/ModelApproval/Certificates/2026/153.pdf,DOCA_MODEL_APPROVAL
154,2026-04-07,I-21/100/2026-W&M Section,ZEEKERS TECHNOLOGY SOLUTIONS PRIVATE LIMITED,Non-automatic weighing instrument,154,23958,https://lm.doca.gov.in/ModelApproval/Certificates/2026/154.pdf,DOCA_MODEL_APPROVAL
155,2026-04-07,I-21/95/2026-W&M Section,M.V.Agency.,Non-automatic weighing instrument,155,23891,https://lm.doca.gov.in/ModelApproval/Certificates/2026/155.pdf,DOCA_MODEL_APPROVAL
156,2026-04-07,I-21/95/2026-W&M Section,M.V.Agency.,Non-automatic weighing instrument,156,23892,https://lm.doca.gov.in/ModelApproval/Certificates/2026/156.pdf,DOCA_MODEL_APPROVAL
157,2026-04-07,I-21/86/2026-W&M Section,B TECH ENGINEERING WORKS,Non-automatic weighing instrument,157,23842,https://lm.doca.gov.in/ModelApproval/Certificates/2026/157.pdf,DOCA_MODEL_APPROVAL
158,2026-04-07,I-21/86/2026-W&M Section,B TECH ENGINEERING WORKS,Non-automatic weighing instrument,158,23849,https://lm.doca.gov.in/ModelApproval/Certificates/2026/158.pdf,DOCA_MODEL_APPROVAL
159,2026-04-07,I-21/86/2026-W&M Section,B TECH ENGINEERING WORKS,Non-automatic weighing instrument,159,23843,https://lm.doca.gov.in/ModelApproval/Certificates/2026/159.pdf,DOCA_MODEL_APPROVAL
160,2026-04-07,I-21/68/2026-W&M Section,POWER SOURCE,Non-automatic weighing instrument,160,23784,https://lm.doca.gov.in/ModelApproval/Certificates/2026/160.pdf,DOCA_MODEL_APPROVAL
161,2026-04-07,I-21/68/2026-W&M Section,POWER SOURCE,Non-automatic weighing instrument,161,23785,https://lm.doca.gov.in/ModelApproval/Certificates/2026/161.pdf,DOCA_MODEL_APPROVAL
162,2026-04-08,I-21/69/2026-W&M Section,TETRA-PAK INDIA PRIVATE LIMITED,Catch Weighing Instrument (Check Weigher),162,23778,https://lm.doca.gov.in/ModelApproval/Certificates/2026/162.pdf,DOCA_MODEL_APPROVAL
163,2026-04-13,I-21/92/2026-W&M Section,HONEYWELL AUTOMATION INDIA LIMITED,Gas Meters,163,24012,https://lm.doca.gov.in/ModelApproval/Certificates/2026/163.pdf,DOCA_MODEL_APPROVAL
164,2026-04-13,I-21/97/2026-W&M Section,SHREE KRISHNA ENGINEERING WORKS,Non-automatic weighing instrument,164,23395,https://lm.doca.gov.in/ModelApproval/Certificates/2026/164.pdf,DOCA_MODEL_APPROVAL
165,2026-04-13,I-21/97/2026-W&M Section,SHREE KRISHNA ENGINEERING WORKS,Non-automatic weighing instrument,165,23396,https://lm.doca.gov.in/ModelApproval/Certificates/2026/165.pdf,DOCA_MODEL_APPROVAL
166,2026-04-13,I-21/97/2026-W&M Section,SHREE KRISHNA ENGINEERING WORKS,Non-automatic weighing instrument,166,23397,https://lm.doca.gov.in/ModelApproval/Certificates/2026/166.pdf,DOCA_MODEL_APPROVAL
167,2026-04-13,I-21/97/2026-W&M Section,SHREE KRISHNA ENGINEERING WORKS,Non-automatic weighing instrument,167,23398,https://lm.doca.gov.in/ModelApproval/Certificates/2026/167.pdf,DOCA_MODEL_APPROVAL
168,2026-04-13,I-21/97/2026-W&M Section,SHREE KRISHNA ENGINEERING WORKS,Non-automatic weighing instrument,168,23399,https://lm.doca.gov.in/ModelApproval/Certificates/2026/168.pdf,DOCA_MODEL_APPROVAL
169,2026-04-13,I-21/104/2026-W&M Section,AASSH ENTERPRISES,Non-automatic weighing instrument,169,23284,https://lm.doca.gov.in/ModelApproval/Certificates/2026/169.pdf,DOCA_MODEL_APPROVAL
170,2026-04-13,I-21/104/2026-W&M Section,AASSH ENTERPRISES,Non-automatic weighing instrument,170,23291,https://lm.doca.gov.in/ModelApproval/Certificates/2026/170.pdf,DOCA_MODEL_APPROVAL
171,2026-04-15,I-21/107/2026-W&M Section,TRIDENT SYSTEMS,Auto Rickshaw and Taxi Meter,171,23886,https://lm.doca.gov.in/ModelApproval/Certificates/2026/171.pdf,DOCA_MODEL_APPROVAL
172,2026-04-15,I-21/103/2026-W&M Section,SANDHYA SCALE WORKS,Non-automatic weighing instrument,172,24017,https://lm.doca.gov.in/ModelApproval/Certificates/2026/172.pdf,DOCA_MODEL_APPROVAL
173,2026-04-15,I-21/103/2026-W&M Section,SANDHYA SCALE WORKS,Non-automatic weighing instrument,173,24018,https://lm.doca.gov.in/ModelApproval/Certificates/2026/173.pdf,DOCA_MODEL_APPROVAL
174,2026-04-16,I-21/109/2026-W&M Section,UB TRADERS,Non-automatic weighing instrument,174,23853,https://lm.doca.gov.in/ModelApproval/Certificates/2026/174.pdf,DOCA_MODEL_APPROVAL
175,2026-04-16,I-21/109/2026-W&M Section,UB TRADERS,Non-automatic weighing instrument,175,23846,https://lm.doca.gov.in/ModelApproval/Certificates/2026/175.pdf,DOCA_MODEL_APPROVAL
176,2026-04-17,I-21/108/2026-W&M Section,GLOBAL TECHNOLOGIES,Non-automatic weighing instrument,176,23822,https://lm.doca.gov.in/ModelApproval/Certificates/2026/176.pdf,DOCA_MODEL_APPROVAL
177,2026-04-17,I-21/108/2026-W&M Section,GLOBAL TECHNOLOGIES,Non-automatic weighing instrument,177,23908,https://lm.doca.gov.in/ModelApproval/Certificates/2026/177.pdf,DOCA_MODEL_APPROVAL
178,2026-04-20,I-21/112/2026-W&M Section,INTECH ENTERPRISES,Non-automatic weighing instrument,178,23825,https://lm.doca.gov.in/ModelApproval/Certificates/2026/178.pdf,DOCA_MODEL_APPROVAL
179,2026-04-20,I-21/112/2026-W&M Section,INTECH ENTERPRISES,Non-automatic weighing instrument,179,23826,https://lm.doca.gov.in/ModelApproval/Certificates/2026/179.pdf,DOCA_MODEL_APPROVAL
180,2026-04-21,I-21/114/2026-W&M Section,METTLER-TOLEDO INDIA PRIVATE LIMITED,Non-automatic weighing instrument,180,24045,https://lm.doca.gov.in/ModelApproval/Certificates/2026/180.pdf,DOCA_MODEL_APPROVAL
181,2026-04-21,I-21/117/2026-W&M Section,METTLER-TOLEDO INDIA PRIVATE LIMITED,Non-automatic weighing instrument,181,24044,https://lm.doca.gov.in/ModelApproval/Certificates/2026/181.pdf,DOCA_MODEL_APPROVAL
182,2026-04-21,I-21/116/2026-W&M Section,SHREE KRISHNA ENGINEERING WORKS,Non-automatic weighing instrument,182,23400,https://lm.doca.gov.in/ModelApproval/Certificates/2026/182.pdf,DOCA_MODEL_APPROVAL
183,2026-04-22,I-21/111/2026-W&M Section,GARGI INDUSTRIES,Non-automatic weighing instrument,183,23845,https://lm.doca.gov.in/ModelApproval/Certificates/2026/183.pdf,DOCA_MODEL_APPROVAL
184,2026-04-22,I-21/118/2026-W&M Section,SHARP ELECTRONICS,Non-automatic weighing instrument,184,23960,https://lm.doca.gov.in/ModelApproval/Certificates/2026/184.pdf,DOCA_MODEL_APPROVAL
185,2026-04-22,I-21/118/2026-W&M Section,SHARP ELECTRONICS,Non-automatic weighing instrument,185,24022,https://lm.doca.gov.in/ModelApproval/Certificates/2026/185.pdf,DOCA_MODEL_APPROVAL
186,2026-04-22,I-21/120/2026-W&M Section,S K ENGINEERING,Non-automatic weighing instrument,186,23562,https://lm.doca.gov.in/ModelApproval/Certificates/2026/186.pdf,DOCA_MODEL_APPROVAL
187,2026-04-22,I-21/120/2026-W&M Section,S K ENGINEERING,Non-automatic weighing instrument,187,23563,https://lm.doca.gov.in/ModelApproval/Certificates/2026/187.pdf,DOCA_MODEL_APPROVAL
188,2026-04-24,I-21/121/2026,METTLER-TOLEDO INDIA PRIVATE LIMITED,Non-automatic weighing instrument,188,24042,https://lm.doca.gov.in/ModelApproval/Certificates/2026/188.pdf,DOCA_MODEL_APPROVAL
189,2026-04-24,I-21/121/2026,METTLER-TOLEDO INDIA PRIVATE LIMITED,Non-automatic weighing instrument,189,24043,https://lm.doca.gov.in/ModelApproval/Certificates/2026/189.pdf,DOCA_MODEL_APPROVAL
190,2026-04-28,I-21/87/2026-W&M Section,PUTZMEISTER CONCRETE MACHINES PRIVATE LIMITED,Discontinuous Totalizing Automatic Weighing Instrument (Hopper weigher),190,23412,https://lm.doca.gov.in/ModelApproval/Certificates/2026/190.pdf,DOCA_MODEL_APPROVAL
191,2026-04-29,I-21/38/2026-W&M Section,PERUMANA INSTRUMENTS PRIVATE LIMITED,Non-automatic weighing instrument,191,23517,https://lm.doca.gov.in/ModelApproval/Certificates/2026/191.pdf,DOCA_MODEL_APPROVAL
192,2026-04-29,I-21/38/2026-W&M Section,PERUMANA INSTRUMENTS PRIVATE LIMITED,Non-automatic weighing instrument,192,23519,https://lm.doca.gov.in/ModelApproval/Certificates/2026/192.pdf,DOCA_MODEL_APPROVAL
193,2026-04-29,I-21/38/2026-W&M Section,PERUMANA INSTRUMENTS PRIVATE LIMITED,Non-automatic weighing instrument,193,23518,https://lm.doca.gov.in/ModelApproval/Certificates/2026/193.pdf,DOCA_MODEL_APPROVAL
194,2026-04-29,I-21/119/2026-W&M Section,N-TECH WEIGHING SOLUTION,Non-automatic weighing instrument,194,23909,https://lm.doca.gov.in/ModelApproval/Certificates/2026/194.pdf,DOCA_MODEL_APPROVAL
195,2026-04-29,I-21/119/2026-W&M Section,N-TECH WEIGHING SOLUTION,Non-automatic weighing instrument,195,23910,https://lm.doca.gov.in/ModelApproval/Certificates/2026/195.pdf,DOCA_MODEL_APPROVAL
196,2026-04-29,I-21/119/2026-W&M Section,N-TECH WEIGHING SOLUTION,Non-automatic weighing instrument,196,23911,https://lm.doca.gov.in/ModelApproval/Certificates/2026/196.pdf,DOCA_MODEL_APPROVAL
197,2026-04-30,I-21/105/2026-W&M Section,Suzuki Electronics,Automatic Gravimetric Filling Instrument,197,23670,https://lm.doca.gov.in/ModelApproval/Certificates/2026/197.pdf,DOCA_MODEL_APPROVAL
198,2026-04-30,I-21/127/2026-W&M Section,S V  WEIGHING SCALES SERVICE CENTRE,Non-automatic weighing instrument,198,23875,https://lm.doca.gov.in/ModelApproval/Certificates/2026/198.pdf,DOCA_MODEL_APPROVAL
199,2026-04-30,I-21/122/2026-W&M Section,MAHATHI DIGITRANS,Non-automatic weighing instrument,199,24027,https://lm.doca.gov.in/ModelApproval/Certificates/2026/199.pdf,DOCA_MODEL_APPROVAL
200,2026-04-30,I-21/122/2026-W&M Section,MAHATHI DIGITRANS,Non-automatic weighing instrument,200,24026,https://lm.doca.gov.in/ModelApproval/Certificates/2026/200.pdf,DOCA_MODEL_APPROVAL
201,2026-05-04,I-21/126/2026-W&M Section,PACIFIC SCALES INDIA,Non-automatic weighing instrument,201,23906,https://lm.doca.gov.in/ModelApproval/Certificates/2026/201.pdf,DOCA_MODEL_APPROVAL
202,2026-05-04,I-21/126/2026-W&M Section,PACIFIC SCALES INDIA,Non-automatic weighing instrument,202,23907,https://lm.doca.gov.in/ModelApproval/Certificates/2026/202.pdf,DOCA_MODEL_APPROVAL
203,2026-05-04,I-21/129/2026-W&M Section,MICRON INSTRUMENTS,Non-automatic weighing instrument,203,24007,https://lm.doca.gov.in/ModelApproval/Certificates/2026/203.pdf,DOCA_MODEL_APPROVAL
204,2026-05-04,I-21/129/2026-W&M Section,MICRON INSTRUMENTS,Non-automatic weighing instrument,204,24008,https://lm.doca.gov.in/ModelApproval/Certificates/2026/204.pdf,DOCA_MODEL_APPROVAL
205,2026-05-05,I-21/49/2026-W&M Section,KIMPEX FLOW PRIVATE LIMITED,Gas Meters,205,23969,https://lm.doca.gov.in/ModelApproval/Certificates/2026/205.pdf,DOCA_MODEL_APPROVAL
206,2026-05-08,21/130/2026,CONWEIGH PLUS INSTRUMENTS CO ..,Non-automatic weighing instrument,206,23860,https://lm.doca.gov.in/ModelApproval/Certificates/2026/206.pdf,DOCA_MODEL_APPROVAL
207,2026-05-11,I-21/133/2026-W&M Section,MAHARAJA SCALE,Non-automatic weighing instrument,207,24038,https://lm.doca.gov.in/ModelApproval/Certificates/2026/207.pdf,DOCA_MODEL_APPROVAL
208,2026-05-12,I-21/101/2026-W&M Section,EXACTURA MEASUREMENT INDIA PRIVATE LIMITED,Measuring Systems for Liquids Other than Water,208,24013,https://lm.doca.gov.in/ModelApproval/Certificates/2026/208.pdf,DOCA_MODEL_APPROVAL
209,2026-05-12,I-21/101/2026-W&M Section,EXACTURA MEASUREMENT INDIA PRIVATE LIMITED,Measuring Systems for Liquids Other than Water,209,24014,https://lm.doca.gov.in/ModelApproval/Certificates/2026/209.pdf,DOCA_MODEL_APPROVAL
210,2026-05-12,I-21/101/2026-W&M Section,EXACTURA MEASUREMENT INDIA PRIVATE LIMITED,Measuring Systems for Liquids Other than Water,210,24015,https://lm.doca.gov.in/ModelApproval/Certificates/2026/210.pdf,DOCA_MODEL_APPROVAL
211,2026-05-12,I-21/138/2026-W&M Section,LUCKEY ELECTRONIC WEIGHING SCALE,Non-automatic weighing instrument,211,24072,https://lm.doca.gov.in/ModelApproval/Certificates/2026/211.pdf,DOCA_MODEL_APPROVAL
212,2026-05-12,I-21/138/2026-W&M Section,LUCKEY ELECTRONIC WEIGHING SCALE,Non-automatic weighing instrument,212,24073,https://lm.doca.gov.in/ModelApproval/Certificates/2026/212.pdf,DOCA_MODEL_APPROVAL
213,2026-05-13,I-21/113/2026-W&M Section,"WEIGHING SCALES AND WEIGH BRIDGES MANUFACTURING,SALES,SERVICE",Non-automatic weighing instrument,213,23990,https://lm.doca.gov.in/ModelApproval/Certificates/2026/213.pdf,DOCA_MODEL_APPROVAL
214,2026-05-13,I-21/113/2026-W&M Section,"WEIGHING SCALES AND WEIGH BRIDGES MANUFACTURING,SALES,SERVICE",Non-automatic weighing instrument,214,23992,https://lm.doca.gov.in/ModelApproval/Certificates/2026/214.pdf,DOCA_MODEL_APPROVAL
215,2026-05-13,I-21/137/2026-W&M Section,APOLO SCALE INDUSTRIES PRIVATE LIMITED,Any other Weight or Measure,215,23627,https://lm.doca.gov.in/ModelApproval/Certificates/2026/215.pdf,DOCA_MODEL_APPROVAL
216,2026-05-13,I-21/137/2026-W&M Section,APOLO SCALE INDUSTRIES PRIVATE LIMITED,Any other Weight or Measure,216,23628,https://lm.doca.gov.in/ModelApproval/Certificates/2026/216.pdf,DOCA_MODEL_APPROVAL
217,2026-05-13,I-21/115/2026-W&M Section,SHREE BALAJI ENTERPRISES,Non-automatic weighing instrument,217,23963,https://lm.doca.gov.in/ModelApproval/Certificates/2026/217.pdf,DOCA_MODEL_APPROVAL
218,2026-05-13,I-21/115/2026-W&M Section,SHREE BALAJI ENTERPRISES,Non-automatic weighing instrument,218,23964,https://lm.doca.gov.in/ModelApproval/Certificates/2026/218.pdf,DOCA_MODEL_APPROVAL
219,2026-05-13,I-21/131/2026-W&M Section,VISION WORLDTECH PRIVATE LIMITED,Water Meter,219,23792,https://lm.doca.gov.in/ModelApproval/Certificates/2026/219.pdf,DOCA_MODEL_APPROVAL
220,2026-05-14,I-21/143/2026-W&M Section,BARON HEALTH PRIVATE LIMITED,Non-automatic weighing instrument,220,24101,https://lm.doca.gov.in/ModelApproval/Certificates/2026/220.pdf,DOCA_MODEL_APPROVAL
221,2026-05-14,I-21/142/2026-W&M Section,OMACE BRANDS PRIVATE LIMITED,Non-automatic weighing instrument,221,24052,https://lm.doca.gov.in/ModelApproval/Certificates/2026/221.pdf,DOCA_MODEL_APPROVAL
222,2026-05-14,I-21/139/2026-W&M Section,CONCEPTRENEUR VENTURES PRIVATE LIMITED,Sphygmomanometer (Blood Pressure Meter),222,24039,https://lm.doca.gov.in/ModelApproval/Certificates/2026/222.pdf,DOCA_MODEL_APPROVAL
223,2026-05-14,I-21/125/2026-W&M Section,MODERN SCALE COMPANY,Non-automatic weighing instrument,223,23847,https://lm.doca.gov.in/ModelApproval/Certificates/2026/223.pdf,DOCA_MODEL_APPROVAL
224,2026-05-14,I-21/144/2026-W&M Section,H. ENTERPRISES,Non-automatic weighing instrument,224,23896,https://lm.doca.gov.in/ModelApproval/Certificates/2026/224.pdf,DOCA_MODEL_APPROVAL
225,2026-05-15,I-21/147/2026-W&M Section,"M/S, R.K. WEIGHING COMPANY,",Non-automatic weighing instrument,225,24089,https://lm.doca.gov.in/ModelApproval/Certificates/2026/225.pdf,DOCA_MODEL_APPROVAL
226,2026-05-18,I-21/128/2026-W&M Section,SHRI LAKSHMI VENKATESWARA WEIGHING SCALES,Non-automatic weighing instrument,226,24033,https://lm.doca.gov.in/ModelApproval/Certificates/2026/226.pdf,DOCA_MODEL_APPROVAL
227,2026-05-18,I-21/128/2026-W&M Section,SHRI LAKSHMI VENKATESWARA WEIGHING SCALES,Non-automatic weighing instrument,227,24034,https://lm.doca.gov.in/ModelApproval/Certificates/2026/227.pdf,DOCA_MODEL_APPROVAL
228,2026-05-18,I-21/128/2026-W&M Section,SHRI LAKSHMI VENKATESWARA WEIGHING SCALES,Non-automatic weighing instrument,228,24035,https://lm.doca.gov.in/ModelApproval/Certificates/2026/228.pdf,DOCA_MODEL_APPROVAL
229,2026-05-18,I-21/128/2026-W&M Section,SHRI LAKSHMI VENKATESWARA WEIGHING SCALES,Non-automatic weighing instrument,229,24036,https://lm.doca.gov.in/ModelApproval/Certificates/2026/229.pdf,DOCA_MODEL_APPROVAL
230,2026-05-19,I-21/102/2026-W&M Section,Suzuki Electronics,Non-automatic weighing instrument,230,23795,https://lm.doca.gov.in/ModelApproval/Certificates/2026/230.pdf,DOCA_MODEL_APPROVAL
231,2026-05-19,I-21/149/2026-W&M Section,BALA TECHNOLOGY,Non-automatic weighing instrument,231,23965,https://lm.doca.gov.in/ModelApproval/Certificates/2026/231.pdf,DOCA_MODEL_APPROVAL
232,2026-05-19,I-21/149/2026-W&M Section,BALA TECHNOLOGY,Non-automatic weighing instrument,232,23966,https://lm.doca.gov.in/ModelApproval/Certificates/2026/232.pdf,DOCA_MODEL_APPROVAL
233,2026-05-20,I-21/148/2026-W&M Section,MAHARAJA SCALE,Non-automatic weighing instrument,233,23983,https://lm.doca.gov.in/ModelApproval/Certificates/2026/233.pdf,DOCA_MODEL_APPROVAL
234,2026-05-20,I-21/110/2026-W&M Section,WEIGHING INDIA CORPORATION,Non-automatic weighing instrument,234,23953,https://lm.doca.gov.in/ModelApproval/Certificates/2026/234.pdf,DOCA_MODEL_APPROVAL
235,2026-05-20,I-21/113/2026-W&M Section,"WEIGHING SCALES AND WEIGH BRIDGES MANUFACTURING,SALES,SERVICE",Non-automatic weighing instrument,235,23991,https://lm.doca.gov.in/ModelApproval/Certificates/2026/235.pdf,DOCA_MODEL_APPROVAL
236,2026-05-21,I-21/124/2026-W&M Section,SHREE KRISHNA ENGINEERING WORKS,Non-automatic weighing instrument,236,23401,https://lm.doca.gov.in/ModelApproval/Certificates/2026/236.pdf,DOCA_MODEL_APPROVAL
237,2026-05-21,I-21/150/2026-W&M Section,"M/s, Nirmal Industries",Non-automatic weighing instrument,237,24099,https://lm.doca.gov.in/ModelApproval/Certificates/2026/237.pdf,DOCA_MODEL_APPROVAL
238,2026-05-21,I-21/150/2026-W&M Section,"M/s, Nirmal Industries",Non-automatic weighing instrument,238,24100,https://lm.doca.gov.in/ModelApproval/Certificates/2026/238.pdf,DOCA_MODEL_APPROVAL
239,2026-05-21,I-21/150/2026-W&M Section,"M/s, Nirmal Industries",Non-automatic weighing instrument,239,24102,https://lm.doca.gov.in/ModelApproval/Certificates/2026/239.pdf,DOCA_MODEL_APPROVAL
240,2026-05-21,I-21/152/2026-W&M Section,SHRI GANESH SALES PLAZA,Non-automatic weighing instrument,240,23954,https://lm.doca.gov.in/ModelApproval/Certificates/2026/240.pdf,DOCA_MODEL_APPROVAL
241,2026-05-21,I-21/152/2026-W&M Section,SHRI GANESH SALES PLAZA,Non-automatic weighing instrument,241,23955,https://lm.doca.gov.in/ModelApproval/Certificates/2026/241.pdf,DOCA_MODEL_APPROVAL
242,2026-05-21,I-21/157/2026-W&M Section,AUTOMAT INDUSTRIES PRIVATE LIMITED,Water Meter,242,24065,https://lm.doca.gov.in/ModelApproval/Certificates/2026/242.pdf,DOCA_MODEL_APPROVAL
243,2026-05-21,I-21/136/2026-W&M Section,NATIONAL SCALE INDUSTRIES,Non-automatic weighing instrument,243,24049,https://lm.doca.gov.in/ModelApproval/Certificates/2026/243.pdf,DOCA_MODEL_APPROVAL
244,2026-05-21,I-21/123/2026-W&M Section,SUNMAR WEIGHBRIDGE COMPANY,Non-automatic weighing instrument,244,23693,https://lm.doca.gov.in/ModelApproval/Certificates/2026/244.pdf,DOCA_MODEL_APPROVAL
245,2026-05-21,I-21/141/2026-W&M Section,S K ENGINEERING,Non-automatic weighing instrument,245,23561,https://lm.doca.gov.in/ModelApproval/Certificates/2026/245.pdf,DOCA_MODEL_APPROVAL
246,2026-05-21,I-21/102/2026-W&M Section,Suzuki Electronics,Measuring Systems for Liquids Other than Water,246,23669,https://lm.doca.gov.in/ModelApproval/Certificates/2026/246.pdf,DOCA_MODEL_APPROVAL
247,2026-05-22,I-21/155/2026-W&M Section,GEETA METALS AND SUPPLY CO.,Non-automatic weighing instrument,247,24105,https://lm.doca.gov.in/ModelApproval/Certificates/2026/247.pdf,DOCA_MODEL_APPROVAL
248,2026-05-25,21/146/2026,SPAN TECHNOLOGIES,Any other Weight or Measure,248,23888,https://lm.doca.gov.in/ModelApproval/Certificates/2026/248.pdf,DOCA_MODEL_APPROVAL
249,2026-05-25,21/159/2026,SHREE SALASAR SALES,Non-automatic weighing instrument,249,24081,https://lm.doca.gov.in/ModelApproval/Certificates/2026/249.pdf,DOCA_MODEL_APPROVAL
250,2026-05-25,21/159/2026,SHREE SALASAR SALES,Non-automatic weighing instrument,250,24082,https://lm.doca.gov.in/ModelApproval/Certificates/2026/250.pdf,DOCA_MODEL_APPROVAL
251,2026-05-25,21/132/2026,M/S. ANITA TRADING COMPANY,Non-automatic weighing instrument,251,23694,https://lm.doca.gov.in/ModelApproval/Certificates/2026/251.pdf,DOCA_MODEL_APPROVAL
252,2026-05-25,I-21/135/2026-W&M Section,E.G Kantawalla Pvt Ltd,Non-automatic weighing instrument,252,23360,https://lm.doca.gov.in/ModelApproval/Certificates/2026/252.pdf,DOCA_MODEL_APPROVAL
253,2026-05-26,I-21/156/2026-W&M Section,SHAKTI ELECTRONICS,Auto Rickshaw and Taxi Meter,253,24002,https://lm.doca.gov.in/ModelApproval/Certificates/2026/253.pdf,DOCA_MODEL_APPROVAL
254,2026-05-27,I-21/140/2026-W&M Section,ADVANCED TECHNOLOGY SOLUTIONS,Non-automatic weighing instrument,254,23971,https://lm.doca.gov.in/ModelApproval/Certificates/2026/254.pdf,DOCA_MODEL_APPROVAL
255,2026-05-27,I-21/151/2026-W&M Section,QUANTICA ENGINEERING WORKS PRIVATE LIMITED,Non-automatic weighing instrument,255,23854,https://lm.doca.gov.in/ModelApproval/Certificates/2026/255.pdf,DOCA_MODEL_APPROVAL
256,2026-05-29,I-21/162/2026-W&M Section,M.S. WEIGHING SCALES & SYSTEMS,Non-automatic weighing instrument,256,23986,https://lm.doca.gov.in/ModelApproval/Certificates/2026/256.pdf,DOCA_MODEL_APPROVAL
257,2026-05-29,I-21/163/2026-W&M Section,POSIFLEX TECHNOLOGY (INDIA) PRIVATE LIMITED,Non-automatic weighing instrument,257,23840,https://lm.doca.gov.in/ModelApproval/Certificates/2026/257.pdf,DOCA_MODEL_APPROVAL
258,2026-05-29,I-21/153/2026-W&M Section,MALAVIYA DIGITAL SCALE,Non-automatic weighing instrument,258,24114,https://lm.doca.gov.in/ModelApproval/Certificates/2026/258.pdf,DOCA_MODEL_APPROVAL
259,2026-06-01,I-21/160/2026-W&M Section,GEMINI SCALES & EQUIPMENT,Non-automatic weighing instrument,259,24068,https://lm.doca.gov.in/ModelApproval/Certificates/2026/259.pdf,DOCA_MODEL_APPROVAL
260,2026-06-01,I-21/160/2026-W&M Section,GEMINI SCALES & EQUIPMENT,Non-automatic weighing instrument,260,24069,https://lm.doca.gov.in/ModelApproval/Certificates/2026/260.pdf,DOCA_MODEL_APPROVAL
261,2026-06-01,I-21/158/2026-W&M Section,HARDIK MEDITECH,Non-automatic weighing instrument,261,23839,https://lm.doca.gov.in/ModelApproval/Certificates/2026/261.pdf,DOCA_MODEL_APPROVAL
262,2026-06-01,I-21/158/2026-W&M Section,HARDIK MEDITECH,Measuring tape,262,24011,https://lm.doca.gov.in/ModelApproval/Certificates/2026/262.pdf,DOCA_MODEL_APPROVAL
263,2026-06-01,I-21/164/2026-W&M Section,MATRIX ELECTRONICS,Non-automatic weighing instrument,263,24059,https://lm.doca.gov.in/ModelApproval/Certificates/2026/263.pdf,DOCA_MODEL_APPROVAL
264,2026-06-02,I-21/170/2026-W&M Section,V-TECH INNOVATIONS,Flow Meters,264,23877,https://lm.doca.gov.in/ModelApproval/Certificates/2026/264.pdf,DOCA_MODEL_APPROVAL
265,2026-06-03,I-21/165/2026-W&M Section,MADHUR SOLUTIONS,Non-automatic weighing instrument,265,24122,https://lm.doca.gov.in/ModelApproval/Certificates/2026/265.pdf,DOCA_MODEL_APPROVAL
266,2026-06-03,I-21/165/2026-W&M Section,MADHUR SOLUTIONS,Non-automatic weighing instrument,266,24123,https://lm.doca.gov.in/ModelApproval/Certificates/2026/266.pdf,DOCA_MODEL_APPROVAL
267,2026-06-03,I-21/168/2026-W&M Section,BIZERBA INDIA Pvt. Ltd.,Non-automatic weighing instrument,267,24057,https://lm.doca.gov.in/ModelApproval/Certificates/2026/267.pdf,DOCA_MODEL_APPROVAL
268,2026-06-03,I-21/169/2026-W&M Section,SHRI LAKSHMI VENKATESWARA WEIGHING SCALES,Non-automatic weighing instrument,268,24037,https://lm.doca.gov.in/ModelApproval/Certificates/2026/268.pdf,DOCA_MODEL_APPROVAL
269,2026-06-03,I-21/154/2026-W&M Section,E.G Kantawalla Pvt Ltd,Non-automatic weighing instrument,269,23372,https://lm.doca.gov.in/ModelApproval/Certificates/2026/269.pdf,DOCA_MODEL_APPROVAL
270,2026-06-03,I-21/325/2024-W&M Section,IV INNOVATIONS PRIVATE LIMITED,Any other Weight or Measure,270,18707,https://lm.doca.gov.in/ModelApproval/Certificates/2026/270.pdf,DOCA_MODEL_APPROVAL
271,2026-06-03,I-21/325/2024-W&M Section,IV INNOVATIONS PRIVATE LIMITED,Any other Weight or Measure,271,18709,https://lm.doca.gov.in/ModelApproval/Certificates/2026/271.pdf,DOCA_MODEL_APPROVAL
272,2026-06-04,I-21/173/2026-W&M Section,ADCO DIGITAL SYSTEMS,Non-automatic weighing instrument,272,23520,https://lm.doca.gov.in/ModelApproval/Certificates/2026/272.pdf,DOCA_MODEL_APPROVAL
273,2026-06-04,I-21/167/2026-W&M Section,WEIGHTRONICS AND SOLUTIONS,Non-automatic weighing instrument,273,23684,https://lm.doca.gov.in/ModelApproval/Certificates/2026/273.pdf,DOCA_MODEL_APPROVAL
274,2026-06-04,I-21/160/2026-W&M Section,GEMINI SCALES & EQUIPMENT,Non-automatic weighing instrument,274,24067,https://lm.doca.gov.in/ModelApproval/Certificates/2026/274.pdf,DOCA_MODEL_APPROVAL
275,2026-06-04,I-21/172/2026-W&M Section,RETRO TRADE SOLUTIONS,Non-automatic weighing instrument,275,23850,https://lm.doca.gov.in/ModelApproval/Certificates/2026/275.pdf,DOCA_MODEL_APPROVAL
276,2026-06-10,I-21/91/2026-W&M Section,SAFE AUTOMATION PRIVATE LIMITED,Catch Weighing Instrument (Check Weigher),276,24019,https://lm.doca.gov.in/ModelApproval/Certificates/2026/276.pdf,DOCA_MODEL_APPROVAL
277,2026-06-10,I-21/178/2026-W&M Section,BMD GLOBAL TECHNOLOGIES PRIVATE LIMITED,Any other Weight or Measure,277,24096,https://lm.doca.gov.in/ModelApproval/Certificates/2026/277.pdf,DOCA_MODEL_APPROVAL
278,2026-06-11,I-21/175/2026-W&M Section,AGRA BALANCE MANUFACTURING COMPANY,Non-automatic weighing instrument,278,24074,https://lm.doca.gov.in/ModelApproval/Certificates/2026/278.pdf,DOCA_MODEL_APPROVAL
279,2026-06-11,I-21/175/2026-W&M Section,AGRA BALANCE MANUFACTURING COMPANY,Non-automatic weighing instrument,279,24075,https://lm.doca.gov.in/ModelApproval/Certificates/2026/279.pdf,DOCA_MODEL_APPROVAL
280,2026-06-11,I-21/177/2026-W&M Section,JIVAN NAGJI AND COMPANY (INDIA) PRIVATE LIMITED,Non-automatic weighing instrument,280,24132,https://lm.doca.gov.in/ModelApproval/Certificates/2026/280.pdf,DOCA_MODEL_APPROVAL
281,2026-06-11,I-21/176/2026-W&M Section,A ONE SALES,Non-automatic weighing instrument,281,23836,https://lm.doca.gov.in/ModelApproval/Certificates/2026/281.pdf,DOCA_MODEL_APPROVAL
282,2026-06-12,I-21/174/2026-W&M Section,METTLER-TOLEDO INDIA PRIVATE LIMITED,Catch Weighing Instrument (Check Weigher),282,23629,https://lm.doca.gov.in/ModelApproval/Certificates/2026/282.pdf,DOCA_MODEL_APPROVAL
283,2026-06-12,I-21/166/2026-W&M Section,PACIFIC SCALES INDIA,Non-automatic weighing instrument,283,24112,https://lm.doca.gov.in/ModelApproval/Certificates/2026/283.pdf,DOCA_MODEL_APPROVAL
284,2026-06-15,21/186/2026,IRIS TECH,Non-automatic weighing instrument,284,24134,https://lm.doca.gov.in/ModelApproval/Certificates/2026/284.pdf,DOCA_MODEL_APPROVAL
285,2026-06-15,21/186/2026,IRIS TECH,Non-automatic weighing instrument,285,24135,https://lm.doca.gov.in/ModelApproval/Certificates/2026/285.pdf,DOCA_MODEL_APPROVAL
286,2026-06-18,I-21/188/2026-W&M Section,A&D INSTRUMENTS INDIA PRIVATE LIMITED,Non-automatic weighing instrument,286,23869,https://lm.doca.gov.in/ModelApproval/Certificates/2026/286.pdf,DOCA_MODEL_APPROVAL
287,2026-06-19,I-21/192/2026-W&M Section,J D ENTERPRISES,Non-automatic weighing instrument,287,24152,https://lm.doca.gov.in/ModelApproval/Certificates/2026/287.pdf,DOCA_MODEL_APPROVAL
288,2026-06-19,I-21/192/2026-W&M Section,J D ENTERPRISES,Non-automatic weighing instrument,288,24151,https://lm.doca.gov.in/ModelApproval/Certificates/2026/288.pdf,DOCA_MODEL_APPROVAL
289,2026-06-19,I-21/195/2026-W&M Section,IRIS TECH,Non-automatic weighing instrument,289,24136,https://lm.doca.gov.in/ModelApproval/Certificates/2026/289.pdf,DOCA_MODEL_APPROVAL
290,2026-06-19,I-21/191/2026-W&M Section,LARS MARKETING,Any other Weight or Measure,290,24001,https://lm.doca.gov.in/ModelApproval/Certificates/2026/290.pdf,DOCA_MODEL_APPROVAL
291,2026-06-19,I-21/134/2026-W&M Section,AVIGHNA EPC SERVICES PRIVATE LIMITED,Measuring Systems for Liquids Other than Water,291,24084,https://lm.doca.gov.in/ModelApproval/Certificates/2026/291.pdf,DOCA_MODEL_APPROVAL
292,2026-06-23,I-21/185/2026-W&M Section,FLEXO PACK MACHINES PRIVATE LIMITED,Any other Weight or Measure,292,22112,https://lm.doca.gov.in/ModelApproval/Certificates/2026/292.pdf,DOCA_MODEL_APPROVAL
293,2026-06-23,I-21/171/2026-W&M Section,KANDHAN EQUIPMENTS PRIVATE LIMITED,Discontinuous Totalizing Automatic Weighing Instrument (Hopper weigher),293,24063,https://lm.doca.gov.in/ModelApproval/Certificates/2026/293.pdf,DOCA_MODEL_APPROVAL
294,2026-06-23,I-21/189/2026-W&M Section,HARDIK MEDITECH,Non-automatic weighing instrument,294,24160,https://lm.doca.gov.in/ModelApproval/Certificates/2026/294.pdf,DOCA_MODEL_APPROVAL
295,2026-06-23,I-21/183/2026-W&M Section,INFLOW TECHNOLOGIES PRIVATE LIMITED,Non-automatic weighing instrument,295,23474,https://lm.doca.gov.in/ModelApproval/Certificates/2026/295.pdf,DOCA_MODEL_APPROVAL
296,2026-06-25,I-21/200/2026-W&M Section,VIJAY PRECISION INSTRUMENTS,Non-automatic weighing instrument,296,24138,https://lm.doca.gov.in/ModelApproval/Certificates/2026/296.pdf,DOCA_MODEL_APPROVAL
297,2026-06-25,I-21/199/2026-W&M Section,HARDIK MEDITECH,Non-automatic weighing instrument,297,23811,https://lm.doca.gov.in/ModelApproval/Certificates/2026/297.pdf,DOCA_MODEL_APPROVAL
298,2026-06-25,I-21/204/2026-W&M Section,ESSAE -TERAOKA PRIVATE LIMITED,Non-automatic weighing instrument,298,24070,https://lm.doca.gov.in/ModelApproval/Certificates/2026/298.pdf,DOCA_MODEL_APPROVAL
299,2026-06-25,I-21/198/2026-W&M Section,M.S SCALES & SYSTEMS,Non-automatic weighing instrument,299,24140,https://lm.doca.gov.in/ModelApproval/Certificates/2026/299.pdf,DOCA_MODEL_APPROVAL
300,2026-06-25,I-21/198/2026-W&M Section,M.S SCALES & SYSTEMS,Non-automatic weighing instrument,300,24141,https://lm.doca.gov.in/ModelApproval/Certificates/2026/300.pdf,DOCA_MODEL_APPROVAL
301,2026-06-29,I-21/181/2026-W&M Section,MIAL INSTRUMENTS PRIVATE LIMITED,Measuring Systems for Liquids Other than Water,301,24054,https://lm.doca.gov.in/ModelApproval/Certificates/2026/301.pdf,DOCA_MODEL_APPROVAL
302,2026-06-29,I-21/179/2026-W&M Section,JAIN AND SONS,Non-automatic weighing instrument,302,24046,https://lm.doca.gov.in/ModelApproval/Certificates/2026/302.pdf,DOCA_MODEL_APPROVAL
303,2026-07-01,I-21/206/2026-W&M Section,S S WEIGHING SYSTEM,Non-automatic weighing instrument,303,24087,https://lm.doca.gov.in/ModelApproval/Certificates/2026/303.pdf,DOCA_MODEL_APPROVAL
304,2026-07-01,I-21/196/2026-W&M Section,BEURER INDIA PRIVATE LIMITED,Sphygmomanometer (Blood Pressure Meter),304,24126,https://lm.doca.gov.in/ModelApproval/Certificates/2026/304.pdf,DOCA_MODEL_APPROVAL
305,2026-07-03,I-21/205/2026-W&M Section,VIJAY PRECISION INSTRUMENTS,Non-automatic weighing instrument,305,24139,https://lm.doca.gov.in/ModelApproval/Certificates/2026/305.pdf,DOCA_MODEL_APPROVAL
306,2026-07-03,I-21/211/2026-W&M Section,S B ENTERPRISE,Non-automatic weighing instrument,306,24142,https://lm.doca.gov.in/ModelApproval/Certificates/2026/306.pdf,DOCA_MODEL_APPROVAL
307,2026-07-03,I-21/211/2026-W&M Section,S B ENTERPRISE,Non-automatic weighing instrument,307,24143,https://lm.doca.gov.in/ModelApproval/Certificates/2026/307.pdf,DOCA_MODEL_APPROVAL
308,2026-07-03,I-21/210/2026-W&M Section,S S WEIGHING SYSTEM,Non-automatic weighing instrument,308,23997,https://lm.doca.gov.in/ModelApproval/Certificates/2026/308.pdf,DOCA_MODEL_APPROVAL
309,2026-07-03,I-21/23/2026-W&M Section,ENDRESS + HAUSER (INDIA) PRIVATE LIMITED,Gas Meters,309,23577,https://lm.doca.gov.in/ModelApproval/Certificates/2026/309.pdf,DOCA_MODEL_APPROVAL
310,2026-07-03,I-21/23/2026-W&M Section,ENDRESS + HAUSER (INDIA) PRIVATE LIMITED,Gas Meters,310,23579,https://lm.doca.gov.in/ModelApproval/Certificates/2026/310.pdf,DOCA_MODEL_APPROVAL
311,2026-07-03,I-21/23/2026-W&M Section,ENDRESS + HAUSER (INDIA) PRIVATE LIMITED,Gas Meters,311,23584,https://lm.doca.gov.in/ModelApproval/Certificates/2026/311.pdf,DOCA_MODEL_APPROVAL
312,2026-07-03,I-21/214/2026-W&M Section,OMRON HEALTHCARE MANUFACTURING INDIA PRIVATE LIMITED,Sphygmomanometer (Blood Pressure Meter),312,24090,https://lm.doca.gov.in/ModelApproval/Certificates/2026/312.pdf,DOCA_MODEL_APPROVAL
313,2026-07-03,I-21/214/2026-W&M Section,OMRON HEALTHCARE MANUFACTURING INDIA PRIVATE LIMITED,Sphygmomanometer (Blood Pressure Meter),313,24091,https://lm.doca.gov.in/ModelApproval/Certificates/2026/313.pdf,DOCA_MODEL_APPROVAL
314,2026-07-03,I-21/214/2026-W&M Section,OMRON HEALTHCARE MANUFACTURING INDIA PRIVATE LIMITED,Sphygmomanometer (Blood Pressure Meter),314,24092,https://lm.doca.gov.in/ModelApproval/Certificates/2026/314.pdf,DOCA_MODEL_APPROVAL
315,2026-07-03,I-21/207/2026-W&M Section,CAELIX INDUSTRIES,Non-automatic weighing instrument,315,24155,https://lm.doca.gov.in/ModelApproval/Certificates/2026/315.pdf,DOCA_MODEL_APPROVAL
316,2026-07-03,I-21/207/2026-W&M Section,CAELIX INDUSTRIES,Non-automatic weighing instrument,316,24156,https://lm.doca.gov.in/ModelApproval/Certificates/2026/316.pdf,DOCA_MODEL_APPROVAL
317,2026-07-03,I-21/207/2026-W&M Section,CAELIX INDUSTRIES,Non-automatic weighing instrument,317,24162,https://lm.doca.gov.in/ModelApproval/Certificates/2026/317.pdf,DOCA_MODEL_APPROVAL
318,2026-07-03,I-21/207/2026-W&M Section,CAELIX INDUSTRIES,Non-automatic weighing instrument,318,24170,https://lm.doca.gov.in/ModelApproval/Certificates/2026/318.pdf,DOCA_MODEL_APPROVAL
319,2026-07-06,I-21/194/2026-W&M Section,PIETRO FIORENTINI DB INDIA PRIVATE LIMITED,Gas Meters,319,24197,https://lm.doca.gov.in/ModelApproval/Certificates/2026/319.pdf,DOCA_MODEL_APPROVAL
320,2026-07-06,I-21/214/2026-W&M Section,OMRON HEALTHCARE MANUFACTURING INDIA PRIVATE LIMITED,Sphygmomanometer (Blood Pressure Meter),320,24093,https://lm.doca.gov.in/ModelApproval/Certificates/2026/320.pdf,DOCA_MODEL_APPROVAL
321,2026-07-06,I-21/214/2026-W&M Section,OMRON HEALTHCARE MANUFACTURING INDIA PRIVATE LIMITED,Sphygmomanometer (Blood Pressure Meter),321,24094,https://lm.doca.gov.in/ModelApproval/Certificates/2026/321.pdf,DOCA_MODEL_APPROVAL
322,2026-07-06,I-21/203/2026-W&M Section,OHAUS WEIGHING INDIA PRIVATE LIMITED,Non-automatic weighing instrument,322,23801,https://lm.doca.gov.in/ModelApproval/Certificates/2026/322.pdf,DOCA_MODEL_APPROVAL
323,2026-07-06,I-21/203/2026-W&M Section,OHAUS WEIGHING INDIA PRIVATE LIMITED,Non-automatic weighing instrument,323,23859,https://lm.doca.gov.in/ModelApproval/Certificates/2026/323.pdf,DOCA_MODEL_APPROVAL
324,2026-07-06,I-21/216/2026-W&M Section,RADHE SHYAM METAL INDUSTRIES,Non-automatic weighing instrument,324,24146,https://lm.doca.gov.in/ModelApproval/Certificates/2026/324.pdf,DOCA_MODEL_APPROVAL
325,2026-07-06,I-21/216/2026-W&M Section,RADHE SHYAM METAL INDUSTRIES,Non-automatic weighing instrument,325,24145,https://lm.doca.gov.in/ModelApproval/Certificates/2026/325.pdf,DOCA_MODEL_APPROVAL
326,2026-07-06,I-21/182/2026-W&M Section,H.P.S INDUSTRIES,Non-automatic weighing instrument,326,24095,https://lm.doca.gov.in/ModelApproval/Certificates/2026/326.pdf,DOCA_MODEL_APPROVAL
327,2026-07-06,I-21/202/2026-W&M Section,AAROHI EMBEDDED SYSTEMS PRIVATE LIMITED,Flow Meters,327,18801,https://lm.doca.gov.in/ModelApproval/Certificates/2026/327.pdf,DOCA_MODEL_APPROVAL
328,2026-07-06,I-21/217/2026-W&M Section,NOGUILT FITNESS AND NUTRITION INDIA PRIVATE LIMITED,Non-automatic weighing instrument,328,24104,https://lm.doca.gov.in/ModelApproval/Certificates/2026/328.pdf,DOCA_MODEL_APPROVAL
329,2026-07-06,I-21/215/2026-W&M Section,DIGITARE INTERNATIONAL,Non-automatic weighing instrument,329,24157,https://lm.doca.gov.in/ModelApproval/Certificates/2026/329.pdf,DOCA_MODEL_APPROVAL
330,2026-07-06,I-21/215/2026-W&M Section,DIGITARE INTERNATIONAL,Non-automatic weighing instrument,330,24158,https://lm.doca.gov.in/ModelApproval/Certificates/2026/330.pdf,DOCA_MODEL_APPROVAL
331,2026-07-09,I-21/187/2026-W&M Section,VISAI LABS PRIVATE LIMITED,Any other Weight or Measure,331,24047,https://lm.doca.gov.in/ModelApproval/Certificates/2026/331.pdf,DOCA_MODEL_APPROVAL
332,2026-07-09,I-21/187/2026-W&M Section,VISAI LABS PRIVATE LIMITED,Any other Weight or Measure,332,24048,https://lm.doca.gov.in/ModelApproval/Certificates/2026/332.pdf,DOCA_MODEL_APPROVAL
333,2026-07-09,I-21/218/2026-W&M Section,SHREE LAXMI ENTERPRISES,Non-automatic weighing instrument,333,24173,https://lm.doca.gov.in/ModelApproval/Certificates/2026/333.pdf,DOCA_MODEL_APPROVAL
334,2026-07-09,I-21/218/2026-W&M Section,SHREE LAXMI ENTERPRISES,Non-automatic weighing instrument,334,24174,https://lm.doca.gov.in/ModelApproval/Certificates/2026/334.pdf,DOCA_MODEL_APPROVAL
335,2026-07-09,I-21/218/2026-W&M Section,SHREE LAXMI ENTERPRISES,Non-automatic weighing instrument,335,24175,https://lm.doca.gov.in/ModelApproval/Certificates/2026/335.pdf,DOCA_MODEL_APPROVAL
336,2026-07-09,I-21/220/2026-W&M Section,POWER SCALE,Any other Weight or Measure,336,23688,https://lm.doca.gov.in/ModelApproval/Certificates/2026/336.pdf,DOCA_MODEL_APPROVAL
337,2026-07-10,I-21/219/2026-W&M Section,METTLER-TOLEDO INDIA PRIVATE LIMITED,Non-automatic weighing instrument,337,24003,https://lm.doca.gov.in/ModelApproval/Certificates/2026/337.pdf,DOCA_MODEL_APPROVAL
338,2026-07-10,I-21/219/2026-W&M Section,METTLER-TOLEDO INDIA PRIVATE LIMITED,Non-automatic weighing instrument,338,24004,https://lm.doca.gov.in/ModelApproval/Certificates/2026/338.pdf,DOCA_MODEL_APPROVAL
339,2026-07-10,I-21/219/2026-W&M Section,METTLER-TOLEDO INDIA PRIVATE LIMITED,Non-automatic weighing instrument,339,24005,https://lm.doca.gov.in/ModelApproval/Certificates/2026/339.pdf,DOCA_MODEL_APPROVAL
340,2026-07-10,I-21/219/2026-W&M Section,METTLER-TOLEDO INDIA PRIVATE LIMITED,Non-automatic weighing instrument,340,24006,https://lm.doca.gov.in/ModelApproval/Certificates/2026/340.pdf,DOCA_MODEL_APPROVAL
341,2026-07-10,I-21/201/2026-W&M Section,BIZERBA INDIA Pvt. Ltd.,Catch Weighing Instrument (Check Weigher),341,23533,https://lm.doca.gov.in/ModelApproval/Certificates/2026/341.pdf,DOCA_MODEL_APPROVAL
342,2026-07-10,I-21/201/2026-W&M Section,BIZERBA INDIA Pvt. Ltd.,Catch Weighing Instrument (Check Weigher),342,23534,https://lm.doca.gov.in/ModelApproval/Certificates/2026/342.pdf,DOCA_MODEL_APPROVAL
343,2026-07-10,I-21/190/2026-W&M Section,ACZET PRIVATE LIMITED,Non-automatic weighing instrument,343,23808,https://lm.doca.gov.in/ModelApproval/Certificates/2026/343.pdf,DOCA_MODEL_APPROVAL
344,2026-07-14,I-21/184/2026-W&M Section,MAA NIRMALA & COMPANY,Non-automatic weighing instrument,344,24060,https://lm.doca.gov.in/ModelApproval/Certificates/2026/344.pdf,DOCA_MODEL_APPROVAL
345,2026-07-14,I-21/184/2026-W&M Section,MAA NIRMALA & COMPANY,Non-automatic weighing instrument,345,24061,https://lm.doca.gov.in/ModelApproval/Certificates/2026/345.pdf,DOCA_MODEL_APPROVAL
346,2026-07-14,I-21/222/2026-W&M Section,"M/S,TWS PRIVATE LIMITED",Non-automatic weighing instrument,346,24191,https://lm.doca.gov.in/ModelApproval/Certificates/2026/346.pdf,DOCA_MODEL_APPROVAL
347,2026-07-14,I-21/222/2026-W&M Section,"M/S,TWS PRIVATE LIMITED",Non-automatic weighing instrument,347,24192,https://lm.doca.gov.in/ModelApproval/Certificates/2026/347.pdf,DOCA_MODEL_APPROVAL
348,2026-07-14,I-21/223/2026-W&M Section,GARGI INDUSTRIES,Non-automatic weighing instrument,348,24204,https://lm.doca.gov.in/ModelApproval/Certificates/2026/348.pdf,DOCA_MODEL_APPROVAL
349,2026-07-15,I-21/180/2026-W&M Section,BLUE OCEAN AUTOPACK,Catch Weighing Instrument (Check Weigher),349,23650,https://lm.doca.gov.in/ModelApproval/Certificates/2026/349.pdf,DOCA_MODEL_APPROVAL
350,2026-07-15,I-21/224/2026-W&M Section,MEDICARE PRODUCTS INC,Sphygmomanometer (Blood Pressure Meter),350,24233,https://lm.doca.gov.in/ModelApproval/Certificates/2026/350.pdf,DOCA_MODEL_APPROVAL
351,2026-07-17,I-21/225/2026-W&M Section,BMD GLOBAL TECHNOLOGIES PRIVATE LIMITED,Any other Weight or Measure,351,24103,https://lm.doca.gov.in/ModelApproval/Certificates/2026/351.pdf,DOCA_MODEL_APPROVAL
352,2026-07-17,I-21/229/2026-W&M Section,BEURER INDIA PRIVATE LIMITED,Clinical Thermometer,352,24201,https://lm.doca.gov.in/ModelApproval/Certificates/2026/352.pdf,DOCA_MODEL_APPROVAL
353,2026-07-17,I-21/229/2026-W&M Section,BEURER INDIA PRIVATE LIMITED,Clinical Thermometer,353,24181,https://lm.doca.gov.in/ModelApproval/Certificates/2026/353.pdf,DOCA_MODEL_APPROVAL
354,2026-07-20,I-21/231/2026-W&M Section,QAWI EXIM INTERNATIONAL,Non-automatic weighing instrument,354,24159,https://lm.doca.gov.in/ModelApproval/Certificates/2026/354.pdf,DOCA_MODEL_APPROVAL
355,2026-07-20,I-21/227/2026-W&M Section,JIVAN NAGJI AND COMPANY (INDIA) PRIVATE LIMITED,Non-automatic weighing instrument,355,24128,https://lm.doca.gov.in/ModelApproval/Certificates/2026/355.pdf,DOCA_MODEL_APPROVAL
356,2026-07-20,I-21/145/2026-W&M Section,ZENNER AQUAMET INDIA PRIVATE LIMITED,Water Meter,356,18525,https://lm.doca.gov.in/ModelApproval/Certificates/2026/356.pdf,DOCA_MODEL_APPROVAL
357,2026-07-22,I-21/153/2026-W&M Section,MALAVIYA DIGITAL SCALE,Non-automatic weighing instrument,357,24115,https://lm.doca.gov.in/ModelApproval/Certificates/2026/357.pdf,DOCA_MODEL_APPROVAL
358,2026-07-23,I-21/233/2026-W&M Section,WEIGHCAL METROLOGY SERVICES PRIVATE LIMITED,Non-automatic weighing instrument,358,24199,https://lm.doca.gov.in/ModelApproval/Certificates/2026/358.pdf,DOCA_MODEL_APPROVAL
359,2026-07-23,I-21/233/2026-W&M Section,WEIGHCAL METROLOGY SERVICES PRIVATE LIMITED,Non-automatic weighing instrument,359,24198,https://lm.doca.gov.in/ModelApproval/Certificates/2026/359.pdf,DOCA_MODEL_APPROVAL
360,2026-07-23,I-21/209/2026-W&M Section,OMRON HEALTHCARE INDIA PRIVATE LIMITED,Non-automatic weighing instrument,360,24028,https://lm.doca.gov.in/ModelApproval/Certificates/2026/360.pdf,DOCA_MODEL_APPROVAL
361,2026-07-24,I-21/235/2026-W&M Section,CAD INTERNATIONAL TRADE LLP,Non-automatic weighing instrument,361,25232,https://lm.doca.gov.in/ModelApproval/Certificates/2026/361.pdf,DOCA_MODEL_APPROVAL
362,2026-07-24,I-21/235/2026-W&M Section,CAD INTERNATIONAL TRADE LLP,Any other Weight or Measure,362,25233,https://lm.doca.gov.in/ModelApproval/Certificates/2026/362.pdf,DOCA_MODEL_APPROVAL
363,2026-07-24,I-21/236/2026-W&M Section,TECHNO FARM,Non-automatic weighing instrument,363,24171,https://lm.doca.gov.in/ModelApproval/Certificates/2026/363.pdf,DOCA_MODEL_APPROVAL
364,2026-07-29,I-21/238/2026-W&M Section,MAXTRON INSTRUMENTS,Non-automatic weighing instrument,364,23820,https://lm.doca.gov.in/ModelApproval/Certificates/2026/364.pdf,DOCA_MODEL_APPROVAL
365,2026-07-29,I-21/240/2026-W&M Section,MATRIX ELECTRONICS,Non-automatic weighing instrument,365,24202,https://lm.doca.gov.in/ModelApproval/Certificates/2026/365.pdf,DOCA_MODEL_APPROVAL
366,2026-07-29,I-21/240/2026-W&M Section,MATRIX ELECTRONICS,Non-automatic weighing instrument,366,24203,https://lm.doca.gov.in/ModelApproval/Certificates/2026/366.pdf,DOCA_MODEL_APPROVAL
367,2026-07-29,I-21/237/2026-W&M Section,"M/S, GURU KRIPA ENTERPRISES",Non-automatic weighing instrument,367,24127,https://lm.doca.gov.in/ModelApproval/Certificates/2026/367.pdf,DOCA_MODEL_APPROVAL
368,2026-07-29,I-21/237/2026-W&M Section,"M/S, GURU KRIPA ENTERPRISES",Non-automatic weighing instrument,368,24129,https://lm.doca.gov.in/ModelApproval/Certificates/2026/368.pdf,DOCA_MODEL_APPROVAL
369,2026-07-29,I-21/239/2026-W&M Section,NIXIES METERS PRIVATE LIMITED,Water Meter,369,24097,https://lm.doca.gov.in/ModelApproval/Certificates/2026/369.pdf,DOCA_MODEL_APPROVAL
370,2026-07-30,I-21/241/2026-W&M Section,DISHA INSTRUMENTS AND SURGICAL INDUSTRIES,Sphygmomanometer (Blood Pressure Meter),370,25251,https://lm.doca.gov.in/ModelApproval/Certificates/2026/370.pdf,DOCA_MODEL_APPROVAL
371,2026-07-30,I-21/213/2026-W&M Section,VRV ASIA PACIFIC PRIVATE LIMITED,Measuring Systems for Liquids Other than Water,371,23587,https://lm.doca.gov.in/ModelApproval/Certificates/2026/371.pdf,DOCA_MODEL_APPROVAL
372,2026-08-03,21/243/2026,RAJ SCALE COMPANY,Non-automatic weighing instrument,372,24214,https://lm.doca.gov.in/ModelApproval/Certificates/2026/372.pdf,DOCA_MODEL_APPROVAL
373,2026-08-04,I-21/221/2026-W&M Section,AGRAWAL NIRMAN,Non-automatic weighing instrument,373,24147,https://lm.doca.gov.in/ModelApproval/Certificates/2026/373.pdf,DOCA_MODEL_APPROVAL
374,2026-08-04,I-21/246/2026-W&M Section,N-Tech Instruments,Non-automatic weighing instrument,374,23874,https://lm.doca.gov.in/ModelApproval/Certificates/2026/374.pdf,DOCA_MODEL_APPROVAL
375,2026-08-11,I-21/247/2026-W&M Section,VSAN ELECTRICALS AND SENSORS,Flow Meters,375,24041,https://lm.doca.gov.in/ModelApproval/Certificates/2026/375.pdf,DOCA_MODEL_APPROVAL
376,2026-08-11,I-21/245/2026-W&M Section,SARTORIUS INDIA PRIVATE LIMITED,Non-automatic weighing instrument,376,24206,https://lm.doca.gov.in/ModelApproval/Certificates/2026/376.pdf,DOCA_MODEL_APPROVAL
377,2026-08-11,I-21/245/2026-W&M Section,SARTORIUS INDIA PRIVATE LIMITED,Non-automatic weighing instrument,377,24207,https://lm.doca.gov.in/ModelApproval/Certificates/2026/377.pdf,DOCA_MODEL_APPROVAL
378,2026-08-11,I-21/245/2026-W&M Section,SARTORIUS INDIA PRIVATE LIMITED,Non-automatic weighing instrument,378,24208,https://lm.doca.gov.in/ModelApproval/Certificates/2026/378.pdf,DOCA_MODEL_APPROVAL
379,2026-08-11,I-21/245/2026-W&M Section,SARTORIUS INDIA PRIVATE LIMITED,Non-automatic weighing instrument,379,24210,https://lm.doca.gov.in/ModelApproval/Certificates/2026/379.pdf,DOCA_MODEL_APPROVAL
380,2026-08-11,I-21/245/2026-W&M Section,SARTORIUS INDIA PRIVATE LIMITED,Non-automatic weighing instrument,380,24212,https://lm.doca.gov.in/ModelApproval/Certificates/2026/380.pdf,DOCA_MODEL_APPROVAL
381,2026-08-11,I-21/245/2026-W&M Section,SARTORIUS INDIA PRIVATE LIMITED,Non-automatic weighing instrument,381,24213,https://lm.doca.gov.in/ModelApproval/Certificates/2026/381.pdf,DOCA_MODEL_APPROVAL
382,2026-08-11,I-21/245/2026-W&M Section,SARTORIUS INDIA PRIVATE LIMITED,Non-automatic weighing instrument,382,24215,https://lm.doca.gov.in/ModelApproval/Certificates/2026/382.pdf,DOCA_MODEL_APPROVAL
383,2026-08-11,I-21/245/2026-W&M Section,SARTORIUS INDIA PRIVATE LIMITED,Non-automatic weighing instrument,383,24216,https://lm.doca.gov.in/ModelApproval/Certificates/2026/383.pdf,DOCA_MODEL_APPROVAL
384,2026-08-11,I-21/245/2026-W&M Section,SARTORIUS INDIA PRIVATE LIMITED,Non-automatic weighing instrument,384,24217,https://lm.doca.gov.in/ModelApproval/Certificates/2026/384.pdf,DOCA_MODEL_APPROVAL
385,2026-08-11,I-21/245/2026-W&M Section,SARTORIUS INDIA PRIVATE LIMITED,Non-automatic weighing instrument,385,24218,https://lm.doca.gov.in/ModelApproval/Certificates/2026/385.pdf,DOCA_MODEL_APPROVAL
386,2026-08-11,I-21/245/2026-W&M Section,SARTORIUS INDIA PRIVATE LIMITED,Non-automatic weighing instrument,386,24219,https://lm.doca.gov.in/ModelApproval/Certificates/2026/386.pdf,DOCA_MODEL_APPROVAL
387,2026-08-11,I-21/245/2026-W&M Section,SARTORIUS INDIA PRIVATE LIMITED,Non-automatic weighing instrument,387,24220,https://lm.doca.gov.in/ModelApproval/Certificates/2026/387.pdf,DOCA_MODEL_APPROVAL
388,2026-08-11,I-21/250/2026-W&M Section,KRAB INTERNATIONAL,Non-automatic weighing instrument,388,25275,https://lm.doca.gov.in/ModelApproval/Certificates/2026/388.pdf,DOCA_MODEL_APPROVAL
389,2026-08-11,I-21/250/2026-W&M Section,KRAB INTERNATIONAL,Non-automatic weighing instrument,389,25276,https://lm.doca.gov.in/ModelApproval/Certificates/2026/389.pdf,DOCA_MODEL_APPROVAL
390,2026-08-14,I-21/252/2026-W&M Section,AGRAWAL NIRMAN,Non-automatic weighing instrument,390,25249,https://lm.doca.gov.in/ModelApproval/Certificates/2026/390.pdf,DOCA_MODEL_APPROVAL
391,2026-08-14,I-21/251/2026-W&M Section,SOUTHERN SENSORS,Non-automatic weighing instrument,391,24111,https://lm.doca.gov.in/ModelApproval/Certificates/2026/391.pdf,DOCA_MODEL_APPROVAL
392,2026-08-14,I-21/253/2026-W&M Section,SHRI TULJAI TRADERS,Non-automatic weighing instrument,392,24209,https://lm.doca.gov.in/ModelApproval/Certificates/2026/392.pdf,DOCA_MODEL_APPROVAL
393,2026-08-14,I-21/253/2026-W&M Section,SHRI TULJAI TRADERS,Non-automatic weighing instrument,393,24211,https://lm.doca.gov.in/ModelApproval/Certificates/2026/393.pdf,DOCA_MODEL_APPROVAL
394,2026-08-14,I-21/254/2026-W&M Section,BARON HEALTH PRIVATE LIMITED,Any other Weight or Measure,394,25238,https://lm.doca.gov.in/ModelApproval/Certificates/2026/394.pdf,DOCA_MODEL_APPROVAL
395,2026-08-14,I-21/254/2026-W&M Section,BARON HEALTH PRIVATE LIMITED,Any other Weight or Measure,395,25244,https://lm.doca.gov.in/ModelApproval/Certificates/2026/395.pdf,DOCA_MODEL_APPROVAL
396,2026-08-14,I-21/193/2026-W&M Section,ESSAE DIGITRONICS PRIVATE LIMITED,Automatic Rail Weighbridge,396,23655,https://lm.doca.gov.in/ModelApproval/Certificates/2026/396.pdf,DOCA_MODEL_APPROVAL
397,2026-08-18,I-21/249/2026-W&M Section,GOODALL WEIGHING AND AUTOMATION,Non-automatic weighing instrument,397,25252,https://lm.doca.gov.in/ModelApproval/Certificates/2026/397.pdf,DOCA_MODEL_APPROVAL
398,2026-08-18,I-21/249/2026-W&M Section,GOODALL WEIGHING AND AUTOMATION,Non-automatic weighing instrument,398,25253,https://lm.doca.gov.in/ModelApproval/Certificates/2026/398.pdf,DOCA_MODEL_APPROVAL
399,2026-08-18,I-21/249/2026-W&M Section,GOODALL WEIGHING AND AUTOMATION,Non-automatic weighing instrument,399,25254,https://lm.doca.gov.in/ModelApproval/Certificates/2026/399.pdf,DOCA_MODEL_APPROVAL
400,2026-08-18,I-21/249/2026-W&M Section,GOODALL WEIGHING AND AUTOMATION,Non-automatic weighing instrument,400,25255,https://lm.doca.gov.in/ModelApproval/Certificates/2026/400.pdf,DOCA_MODEL_APPROVAL
401,2026-08-18,I-21/230/2026-W&M Section,ESKAY WEIGHING SYSTEMS LLP,Non-automatic weighing instrument,401,23863,https://lm.doca.gov.in/ModelApproval/Certificates/2026/401.pdf,DOCA_MODEL_APPROVAL
402,2026-08-18,I-21/257/2026-W&M Section,EVEREST SANITATION (INDIA),Flow Meters,402,23882,https://lm.doca.gov.in/ModelApproval/Certificates/2026/402.pdf,DOCA_MODEL_APPROVAL
403,2026-08-18,I-21/255/2026-W&M Section,ZENNER AQUAMET INDIA PRIVATE LIMITED,Water Meter,403,18526,https://lm.doca.gov.in/ModelApproval/Certificates/2026/403.pdf,DOCA_MODEL_APPROVAL
404,2026-08-18,I-21/242/2026-W&M Section,APIT MACHINERY PRIVATE LIMITED,Automatic Gravimetric Filling Instrument,404,24131,https://lm.doca.gov.in/ModelApproval/Certificates/2026/404.pdf,DOCA_MODEL_APPROVAL
405,2026-08-18,I-21/256/2026-W&M Section,DAS ELECTRONICS WORK PRIVATE LIMITED,Catch Weighing Instrument (Check Weigher),405,23262,https://lm.doca.gov.in/ModelApproval/Certificates/2026/405.pdf,DOCA_MODEL_APPROVAL
406,2026-08-18,I-21/258/2026-W&M Section,dodia scale INC,Discontinuous Totalizing Automatic Weighing Instrument (Hopper weigher),406,16956,https://lm.doca.gov.in/ModelApproval/Certificates/2026/406.pdf,DOCA_MODEL_APPROVAL
407,2026-08-21,I-21/262/2026-W&M Section,A&D INSTRUMENTS INDIA PRIVATE LIMITED,Non-automatic weighing instrument,407,24177,https://lm.doca.gov.in/ModelApproval/Certificates/2026/407.pdf,DOCA_MODEL_APPROVAL
408,2026-08-25,I-21/261/2026-W&M Section,PRECIOUS WEIGHING SYSTEM,Non-automatic weighing instrument,408,25234,https://lm.doca.gov.in/ModelApproval/Certificates/2026/408.pdf,DOCA_MODEL_APPROVAL
409,2026-08-27,I-21/259/2026-W&M Section,HPL ELECTRIC & POWER LIMITED,Water Meter,409,24183,https://lm.doca.gov.in/ModelApproval/Certificates/2026/409.pdf,DOCA_MODEL_APPROVAL
410,2026-08-27,I-21/259/2026-W&M Section,HPL ELECTRIC & POWER LIMITED,Water Meter,410,24184,https://lm.doca.gov.in/ModelApproval/Certificates/2026/410.pdf,DOCA_MODEL_APPROVAL
411,2026-08-27,I-21/259/2026-W&M Section,HPL ELECTRIC & POWER LIMITED,Water Meter,411,24185,https://lm.doca.gov.in/ModelApproval/Certificates/2026/411.pdf,DOCA_MODEL_APPROVAL
412,2026-08-28,I-21/266/2026-W&M Section,ESSAE DIGITRONICS PRIVATE LIMITED,Automatic Gravimetric Filling Instrument,412,25267,https://lm.doca.gov.in/ModelApproval/Certificates/2026/412.pdf,DOCA_MODEL_APPROVAL
413,2026-08-28,I-21/106/2026-W&M Section,BIOGAS ENGINEERING INDIA PRIVATE LIMITED,Gas Meters,413,24064,https://lm.doca.gov.in/ModelApproval/Certificates/2026/413.pdf,DOCA_MODEL_APPROVAL
414,2026-08-28,I-21/49/2026-W&M Section,KIMPEX FLOW PRIVATE LIMITED,Gas Meters,414,23970,https://lm.doca.gov.in/ModelApproval/Certificates/2026/414.pdf,DOCA_MODEL_APPROVAL
415,2026-08-28,I-21/265/2026-W&M Section,V-TECH INNOVATIONS,Flow Meters,415,23873,https://lm.doca.gov.in/ModelApproval/Certificates/2026/415.pdf,DOCA_MODEL_APPROVAL
416,2026-08-28,I-21/260/2026-W&M Section,MINEBEA INTEC INDIA PRIVATE LIMITED,Catch Weighing Instrument (Check Weigher),416,23868,https://lm.doca.gov.in/ModelApproval/Certificates/2026/416.pdf,DOCA_MODEL_APPROVAL
417,2026-09-02,I-21/268/2026-W&M Section,PRIME SCALE COMPANY,Non-automatic weighing instrument,417,25237,https://lm.doca.gov.in/ModelApproval/Certificates/2026/417.pdf,DOCA_MODEL_APPROVAL
418,2026-09-02,I-21/267/2026-W&M Section,DEERGH INSTRUMENTS,Non-automatic weighing instrument,418,25266,https://lm.doca.gov.in/ModelApproval/Certificates/2026/418.pdf,DOCA_MODEL_APPROVAL
419,2026-09-02,I-21/212/2026-W&M Section,MEASUREDI TECHNOLOGIES PRIVATE LIMITED,Automatic Rail Weighbridge,419,18645,https://lm.doca.gov.in/ModelApproval/Certificates/2026/419.pdf,DOCA_MODEL_APPROVAL
420,2026-09-02,I-21/263/2026-W&M Section,S J ELECTRONICS,Non-automatic weighing instrument,420,24222,https://lm.doca.gov.in/ModelApproval/Certificates/2026/420.pdf,DOCA_MODEL_APPROVAL
421,2026-09-02,I-21/264/2026-W&M Section,PARTH ENTERPRISES,Non-automatic weighing instrument,421,23865,https://lm.doca.gov.in/ModelApproval/Certificates/2026/421.pdf,DOCA_MODEL_APPROVAL
422,2026-09-07,I-21/269/2026-W&M Section,PANDIT SCALE COMPANY,Non-automatic weighing instrument,422,27315,https://lm.doca.gov.in/ModelApproval/Certificates/2026/422.pdf,DOCA_MODEL_APPROVAL
423,2026-09-07,I-21/270/2026-W&M Section,BHUMI SCALE INDUSTRIES,Non-automatic weighing instrument,423,24186,https://lm.doca.gov.in/ModelApproval/Certificates/2026/423.pdf,DOCA_MODEL_APPROVAL
424,2026-09-09,I-21/271/2026-W&M Section,PARKER PLANT INDIA PRIVATE LIMITED,Discontinuous Totalizing Automatic Weighing Instrument (Hopper weigher),424,23619,https://lm.doca.gov.in/ModelApproval/Certificates/2026/424.pdf,DOCA_MODEL_APPROVAL
425,2026-09-10,21/207/2026,CAELIX INDUSTRIES,Non-automatic weighing instrument,425,24161,https://lm.doca.gov.in/ModelApproval/Certificates/2026/425.pdf,DOCA_MODEL_APPROVAL
426,2026-09-10,21/273/2026,MAXTRON INSTRUMENTS,Non-automatic weighing instrument,426,25250,https://lm.doca.gov.in/ModelApproval/Certificates/2026/426.pdf,DOCA_MODEL_APPROVAL
427,2026-09-10,I-21/274/2026-W&M Section,MEDI WAVES INC,Non-automatic weighing instrument,427,27326,https://lm.doca.gov.in/ModelApproval/Certificates/2026/427.pdf,DOCA_MODEL_APPROVAL
428,2026-09-14,I-21/276/2026-W&M Section,FULLER TECHNOLOGIES CEMENT INDIA LLP,Automatic Gravimetric Filling Instrument,428,25259,https://lm.doca.gov.in/ModelApproval/Certificates/2026/428.pdf,DOCA_MODEL_APPROVAL
429,2026-09-14,I-21/276/2026-W&M Section,FULLER TECHNOLOGIES CEMENT INDIA LLP,Automatic Gravimetric Filling Instrument,429,25262,https://lm.doca.gov.in/ModelApproval/Certificates/2026/429.pdf,DOCA_MODEL_APPROVAL
430,2026-09-14,I-21/277/2026-W&M Section,RUPALI ARORA,Any other Weight or Measure,430,23897,https://lm.doca.gov.in/ModelApproval/Certificates/2026/430.pdf,DOCA_MODEL_APPROVAL
431,2026-09-14,I-21/277/2026-W&M Section,RUPALI ARORA,Any other Weight or Measure,431,23898,https://lm.doca.gov.in/ModelApproval/Certificates/2026/431.pdf,DOCA_MODEL_APPROVAL
432,2026-09-15,I-21/279/2026-W&M Section,VENKATACHALAM&CO,Non-automatic weighing instrument,432,25286,https://lm.doca.gov.in/ModelApproval/Certificates/2026/432.pdf,DOCA_MODEL_APPROVAL
433,2026-09-15,I-21/279/2026-W&M Section,VENKATACHALAM&CO,Non-automatic weighing instrument,433,25287,https://lm.doca.gov.in/ModelApproval/Certificates/2026/433.pdf,DOCA_MODEL_APPROVAL
434,2026-09-15,I-21/279/2026-W&M Section,VENKATACHALAM&CO,Non-automatic weighing instrument,434,25291,https://lm.doca.gov.in/ModelApproval/Certificates/2026/434.pdf,DOCA_MODEL_APPROVAL
435,2026-09-15,I-21/275/2026-W&M Section,MALIK ENTERPRISES,Non-automatic weighing instrument,435,25269,https://lm.doca.gov.in/ModelApproval/Certificates/2026/435.pdf,DOCA_MODEL_APPROVAL
436,2026-09-15,I-21/275/2026-W&M Section,MALIK ENTERPRISES,Non-automatic weighing instrument,436,25270,https://lm.doca.gov.in/ModelApproval/Certificates/2026/436.pdf,DOCA_MODEL_APPROVAL
437,2026-09-15,I-21/278/2026-W&M Section,MALAVIYA DIGITAL SCALE,Non-automatic weighing instrument,437,24116,https://lm.doca.gov.in/ModelApproval/Certificates/2026/437.pdf,DOCA_MODEL_APPROVAL
438,2026-09-15,I-21/280/2026-W&M Section,BEURER INDIA PRIVATE LIMITED,Sphygmomanometer (Blood Pressure Meter),438,27320,https://lm.doca.gov.in/ModelApproval/Certificates/2026/438.pdf,DOCA_MODEL_APPROVAL
439,2026-09-15,I-21/280/2026-W&M Section,BEURER INDIA PRIVATE LIMITED,Sphygmomanometer (Blood Pressure Meter),439,24225,https://lm.doca.gov.in/ModelApproval/Certificates/2026/439.pdf,DOCA_MODEL_APPROVAL
440,2026-09-15,I-21/280/2026-W&M Section,BEURER INDIA PRIVATE LIMITED,Sphygmomanometer (Blood Pressure Meter),440,24232,https://lm.doca.gov.in/ModelApproval/Certificates/2026/440.pdf,DOCA_MODEL_APPROVAL
441,2026-09-17,I-21/234/2026-W&M Section,POLARISGRIDS PRIVATE LIMITED,Gas Meters,441,25272,https://lm.doca.gov.in/ModelApproval/Certificates/2026/441.pdf,DOCA_MODEL_APPROVAL
442,2026-09-17,I-21/282/2026-W&M Section,INBODY INDIA PRIVATE LIMITED,Any other Weight or Measure,442,24229,https://lm.doca.gov.in/ModelApproval/Certificates/2026/442.pdf,DOCA_MODEL_APPROVAL
443,2026-09-17,I-21/285/2026-W&M Section,SHREE GAJANAND SALES,Non-automatic weighing instrument,443,27328,https://lm.doca.gov.in/ModelApproval/Certificates/2026/443.pdf,DOCA_MODEL_APPROVAL
444,2026-09-17,I-21/285/2026-W&M Section,SHREE GAJANAND SALES,Non-automatic weighing instrument,444,27329,https://lm.doca.gov.in/ModelApproval/Certificates/2026/444.pdf,DOCA_MODEL_APPROVAL
445,2026-09-17,I-21/286/2026-W&M Section,A J KANTA SALES AND SERVICE,Non-automatic weighing instrument,445,24120,https://lm.doca.gov.in/ModelApproval/Certificates/2026/445.pdf,DOCA_MODEL_APPROVAL
446,2026-09-17,I-21/287/2026-W&M Section,OPTIMA MEDITECH PRIVATE LIMITED,Sphygmomanometer (Blood Pressure Meter),446,23985,https://lm.doca.gov.in/ModelApproval/Certificates/2026/446.pdf,DOCA_MODEL_APPROVAL
447,2026-09-17,I-21/288/2026-W&M Section,CANNAN WEIGHING SYSTEM,Non-automatic weighing instrument,447,26292,https://lm.doca.gov.in/ModelApproval/Certificates/2026/447.pdf,DOCA_MODEL_APPROVAL
448,2026-09-17,I-21/288/2026-W&M Section,CANNAN WEIGHING SYSTEM,Non-automatic weighing instrument,448,26291,https://lm.doca.gov.in/ModelApproval/Certificates/2026/448.pdf,DOCA_MODEL_APPROVAL
449,2026-09-18,I-21/208/2026-W&M Section,NILKAMAL LIMITED,Non-automatic weighing instrument,449,24168,https://lm.doca.gov.in/ModelApproval/Certificates/2026/449.pdf,DOCA_MODEL_APPROVAL
450,2026-09-23,I-21/289/2026-W&M Section,INBODY INDIA PRIVATE LIMITED,Any other Weight or Measure,450,24228,https://lm.doca.gov.in/ModelApproval/Certificates/2026/450.pdf,DOCA_MODEL_APPROVAL
451,2026-09-23,I-21/290/2026-W&M Section,A J KANTA SALES AND SERVICE,Non-automatic weighing instrument,451,24121,https://lm.doca.gov.in/ModelApproval/Certificates/2026/451.pdf,DOCA_MODEL_APPROVAL
